,interval,time,initial_cost,final_cost,idle_time,tour_length,runtime,total_iterations,last_improvement,operator_performance,initial_tour,final_tour
0,15,0,2210.2809399955413,1809.9352654870167,0,144.95346995900036,502.07464027404785,572,470,"{'two-opt': 0, 'three-opt': 232, 'two-opt-star': 340}","[[0, 44, 32, 34, 40, 45, 21, 20, 47, 22, 7, 3, 27, 30, 0], [0, 28, 33, 26, 29, 42, 9, 10, 11, 12, 13, 41, 23, 46, 24, 39, 0], [0, 36, 37, 1, 48, 2, 14, 18, 6, 0], [0, 35, 38, 15, 19, 16, 25, 0], [0, 5, 4, 43, 8, 17, 31, 0]]","[[0, 44, 32, 34, 40, 23, 21, 47, 20, 22, 7, 26, 3, 9, 13, 10, 30, 0], [0, 35, 33, 1, 12, 11, 27, 41, 45, 46, 24, 39, 0], [0, 36, 37, 28, 48, 31, 42, 29, 2, 14, 18, 17, 8, 6, 25, 16, 5, 0], [0, 4, 43, 38, 15, 19, 0]]"
1,15,15,1813.0513425722488,1812.2595572569421,0,144.293338706133,300.31888246536255,384,129,"{'two-opt': 0, 'three-opt': 186, 'two-opt-star': 198}","[[0, 35, 33, 1, 12, 11, 27, 41, 45, 46, 24, 39, 0], [0, 36, 37, 28, 48, 31, 42, 29, 2, 14, 18, 17, 8, 6, 25, 16, 5, 0], [0, 4, 43, 38, 15, 19, 0], [0, 44, 32, 34, 40, 23, 21, 47, 20, 22, 7, 26, 3, 9, 13, 10, 30, 49, 0]]","[[0, 35, 33, 1, 14, 18, 12, 11, 27, 49, 41, 45, 46, 24, 39, 0], [0, 36, 37, 28, 48, 31, 42, 29, 2, 17, 8, 6, 5, 0], [0, 4, 43, 38, 15, 19, 16, 25, 0], [0, 44, 32, 34, 40, 23, 21, 47, 20, 22, 7, 26, 3, 9, 13, 10, 30, 0]]"
2,15,30,2218.7048451575456,2218.7048451575456,0,156.14687944488134,4280.747187376022,357,0,"{'two-opt': 0, 'three-opt': 150, 'two-opt-star': 207}","[[0, 35, 33, 1, 14, 18, 12, 11, 27, 49, 41, 45, 46, 24, 39, 0], [0, 36, 37, 28, 48, 31, 42, 29, 2, 17, 8, 6, 5, 0], [0, 4, 43, 38, 15, 19, 16, 25, 0], [0, 44, 32, 34, 40, 23, 21, 47, 20, 22, 7, 26, 3, 9, 13, 10, 30, 0], [0, 50, 0]]","[[0, 35, 33, 1, 14, 18, 12, 11, 27, 49, 41, 45, 46, 24, 39, 0], [0, 36, 37, 28, 48, 31, 42, 29, 2, 17, 8, 6, 5, 0], [0, 4, 43, 38, 15, 19, 16, 25, 0], [0, 44, 32, 34, 40, 23, 21, 47, 20, 22, 7, 26, 3, 9, 13, 10, 30, 0], [0, 50, 0]]"
3,15,45,2235.28627955156,2235.28627955156,0,161.5093038470313,3216.408809900284,357,0,"{'two-opt': 0, 'three-opt': 115, 'two-opt-star': 242}","[[0, 35, 33, 1, 14, 18, 12, 11, 27, 49, 41, 45, 46, 24, 39, 0], [0, 4, 43, 38, 15, 19, 16, 25, 0], [0, 44, 32, 34, 40, 23, 21, 47, 20, 22, 7, 26, 3, 9, 13, 10, 30, 0], [0, 50, 51, 0], [0, 36, 37, 28, 48, 31, 42, 29, 2, 17, 8, 6, 5, 52, 0]]","[[0, 35, 33, 1, 14, 18, 12, 11, 27, 49, 41, 45, 46, 24, 39, 0], [0, 4, 43, 38, 15, 19, 16, 25, 0], [0, 44, 32, 34, 40, 23, 21, 47, 20, 22, 7, 26, 3, 9, 13, 10, 30, 0], [0, 50, 51, 0], [0, 36, 37, 28, 48, 31, 42, 29, 2, 17, 8, 6, 5, 52, 0]]"
4,15,60,2253.282861766986,2253.1245284336524,0,167.8406161062713,1298.3056898117065,362,158,"{'two-opt': 0, 'three-opt': 80, 'two-opt-star': 282}","[[0, 35, 33, 1, 14, 18, 12, 11, 27, 49, 41, 45, 46, 24, 39, 0], [0, 4, 43, 38, 15, 19, 16, 25, 0], [0, 44, 32, 34, 40, 23, 21, 47, 20, 22, 7, 26, 3, 9, 13, 10, 30, 0], [0, 36, 37, 28, 48, 31, 42, 29, 2, 17, 8, 6, 5, 52, 0], [0, 50, 51, 53, 54, 0]]","[[0, 35, 33, 1, 14, 18, 12, 11, 27, 49, 41, 45, 46, 24, 39, 0], [0, 4, 43, 38, 15, 19, 16, 25, 0], [0, 44, 32, 34, 40, 23, 21, 47, 20, 22, 7, 26, 3, 9, 13, 10, 30, 0], [0, 36, 37, 28, 48, 31, 42, 29, 2, 17, 8, 6, 5, 52, 54, 53, 0], [0, 50, 51, 0]]"
5,15,75,2659.569816334256,2659.070095542635,0,178.1160911872695,256.9596767425537,379,175,"{'two-opt': 0, 'three-opt': 122, 'two-opt-star': 257}","[[0, 35, 33, 1, 14, 18, 12, 11, 27, 49, 41, 45, 46, 24, 39, 0], [0, 4, 43, 38, 15, 19, 16, 25, 0], [0, 44, 32, 34, 40, 23, 21, 47, 20, 22, 7, 26, 3, 9, 13, 10, 30, 0], [0, 36, 37, 28, 48, 31, 42, 29, 2, 17, 8, 6, 5, 52, 54, 53, 0], [0, 50, 51, 0], [0, 55, 0]]","[[0, 35, 33, 1, 14, 18, 12, 11, 27, 49, 41, 45, 46, 24, 39, 0], [0, 4, 43, 38, 15, 19, 16, 25, 6, 5, 0], [0, 44, 32, 34, 40, 23, 21, 47, 20, 22, 7, 26, 3, 9, 13, 10, 30, 0], [0, 36, 37, 28, 48, 31, 42, 29, 2, 8, 17, 53, 52, 54, 0], [0, 50, 51, 0], [0, 55, 0]]"
6,15,90,2669.0470000403175,2269.0183410250347,0,188.5316032369506,293.93157982826233,476,425,"{'two-opt': 0, 'three-opt': 147, 'two-opt-star': 329}","[[0, 35, 33, 1, 14, 18, 12, 11, 27, 49, 41, 45, 46, 24, 39, 0], [0, 4, 43, 38, 15, 19, 16, 25, 6, 5, 0], [0, 44, 32, 34, 40, 23, 21, 47, 20, 22, 7, 26, 3, 9, 13, 10, 30, 0], [0, 36, 37, 28, 48, 31, 42, 29, 2, 8, 17, 53, 52, 54, 0], [0, 55, 56, 0], [0, 50, 51, 57, 0]]","[[0, 35, 33, 1, 26, 27, 9, 12, 11, 13, 10, 49, 30, 53, 0], [0, 4, 43, 38, 19, 57, 6, 15, 2, 14, 18, 8, 17, 52, 32, 16, 25, 0], [0, 36, 37, 28, 48, 31, 42, 29, 3, 7, 20, 22, 47, 21, 23, 46, 54, 0], [0, 55, 0], [0, 50, 51, 56, 44, 34, 24, 40, 41, 45, 39, 5, 0]]"
7,15,105,2276.6565932894864,2272.9291912017143,0,192.8816564264655,4084.4348559379578,420,216,"{'two-opt': 0, 'three-opt': 117, 'two-opt-star': 303}","[[0, 35, 33, 1, 26, 27, 9, 12, 11, 13, 10, 49, 30, 53, 0], [0, 4, 43, 38, 19, 57, 6, 15, 2, 14, 18, 8, 17, 52, 32, 16, 25, 0], [0, 36, 37, 28, 48, 31, 42, 29, 3, 7, 20, 22, 47, 21, 23, 46, 54, 0], [0, 50, 51, 56, 44, 34, 24, 40, 41, 45, 39, 5, 0], [0, 55, 58, 0]]","[[0, 35, 33, 1, 58, 26, 20, 49, 30, 9, 12, 13, 10, 53, 0], [0, 4, 43, 38, 19, 57, 6, 15, 2, 14, 18, 17, 8, 5, 25, 16, 32, 24, 0], [0, 36, 37, 28, 48, 31, 42, 29, 3, 11, 27, 7, 22, 47, 21, 23, 46, 39, 0], [0, 50, 51, 56, 44, 34, 40, 45, 41, 54, 52, 0], [0, 55, 0]]"
8,15,120,3156.7967148794614,2750.413103800693,9.036838216217447,232.130720764869,7255.448910951614,451,335,"{'two-opt': 0, 'three-opt': 156, 'two-opt-star': 295}","[[0, 35, 33, 1, 58, 26, 20, 49, 30, 9, 12, 13, 10, 53, 0], [0, 4, 43, 38, 19, 57, 6, 15, 2, 14, 18, 17, 8, 5, 25, 16, 32, 24, 0], [0, 36, 37, 28, 48, 31, 42, 29, 3, 11, 27, 7, 22, 47, 21, 23, 46, 39, 0], [0, 50, 51, 56, 44, 34, 40, 45, 41, 54, 52, 0], [0, 55, 63, 66, 64, 71, 0], [0, 61, 70, 75, 76, 72, 74, 0], [0, 68, 62, 65, 67, 69, 73, 59, 60, 0]]","[[0, 35, 33, 1, 58, 26, 47, 76, 20, 70, 27, 3, 11, 9, 12, 13, 53, 0], [0, 4, 43, 38, 19, 57, 6, 15, 2, 14, 18, 17, 8, 59, 52, 71, 16, 25, 5, 0], [0, 36, 37, 28, 48, 31, 42, 29, 7, 22, 75, 21, 23, 46, 24, 39, 0], [0, 50, 51, 56, 44, 34, 32, 40, 45, 41, 49, 30, 54, 0], [0, 55, 63, 66, 64, 61, 10, 0], [0, 68, 62, 65, 67, 69, 73, 72, 74, 60, 0]]"
9,15,135,3157.8742505851274,2753.988020659673,9.036838216217447,235.91993189849114,5781.897166967392,389,185,"{'two-opt': 0, 'three-opt': 144, 'two-opt-star': 245}","[[0, 35, 33, 1, 58, 26, 47, 76, 20, 70, 27, 3, 11, 9, 12, 13, 53, 0], [0, 4, 43, 38, 19, 57, 6, 15, 2, 14, 18, 17, 8, 59, 52, 71, 16, 25, 5, 0], [0, 36, 37, 28, 48, 31, 42, 29, 7, 22, 75, 21, 23, 46, 24, 39, 0], [0, 50, 51, 56, 44, 34, 32, 40, 45, 41, 49, 30, 54, 0], [0, 55, 63, 66, 64, 61, 10, 0], [0, 68, 62, 65, 67, 69, 73, 72, 74, 60, 0], [0, 77, 0]]","[[0, 35, 33, 1, 58, 26, 47, 76, 20, 70, 27, 3, 11, 72, 0], [0, 4, 43, 38, 19, 57, 6, 15, 2, 14, 18, 17, 8, 59, 52, 71, 16, 25, 5, 0], [0, 36, 37, 28, 48, 31, 42, 29, 7, 77, 22, 75, 21, 23, 46, 41, 24, 39, 0], [0, 50, 51, 56, 44, 34, 32, 40, 45, 49, 54, 0], [0, 55, 63, 66, 64, 61, 9, 13, 12, 10, 53, 0], [0, 68, 62, 65, 67, 69, 73, 74, 60, 30, 0]]"
10,15,150,2753.988020659673,2753.615845125772,9.036838216217447,234.74464073880407,511.05123567581177,407,237,"{'two-opt': 0, 'three-opt': 144, 'two-opt-star': 263}","[[0, 35, 33, 1, 58, 26, 47, 76, 20, 70, 27, 3, 11, 72, 0], [0, 4, 43, 38, 19, 57, 6, 15, 2, 14, 18, 17, 8, 59, 52, 71, 16, 25, 5, 0], [0, 36, 37, 28, 48, 31, 42, 29, 7, 77, 22, 75, 21, 23, 46, 41, 24, 39, 0], [0, 50, 51, 56, 44, 34, 32, 40, 45, 49, 54, 0], [0, 55, 63, 66, 64, 61, 9, 13, 12, 10, 53, 0], [0, 68, 62, 65, 67, 69, 73, 74, 60, 30, 0]]","[[0, 35, 33, 1, 58, 26, 47, 76, 20, 70, 27, 3, 11, 72, 74, 0], [0, 4, 43, 38, 19, 57, 6, 15, 18, 17, 8, 59, 52, 71, 16, 25, 5, 0], [0, 36, 37, 28, 48, 31, 42, 29, 7, 77, 22, 75, 21, 23, 46, 41, 24, 39, 0], [0, 50, 51, 56, 44, 34, 32, 40, 45, 49, 54, 0], [0, 55, 63, 66, 64, 61, 13, 9, 12, 10, 53, 60, 30, 0], [0, 68, 62, 65, 67, 69, 73, 2, 14, 0]]"
11,15,165,2753.615845125772,2751.2047690612762,9.036838216217447,227.13071632460566,266.4072093963623,429,415,"{'two-opt': 0, 'three-opt': 146, 'two-opt-star': 283}","[[0, 35, 33, 1, 58, 26, 47, 76, 20, 70, 27, 3, 11, 72, 74, 0], [0, 4, 43, 38, 19, 57, 6, 15, 18, 17, 8, 59, 52, 71, 16, 25, 5, 0], [0, 36, 37, 28, 48, 31, 42, 29, 7, 77, 22, 75, 21, 23, 46, 41, 24, 39, 0], [0, 50, 51, 56, 44, 34, 32, 40, 45, 49, 54, 0], [0, 55, 63, 66, 64, 61, 13, 9, 12, 10, 53, 60, 30, 0], [0, 68, 62, 65, 67, 69, 73, 2, 14, 0]]","[[0, 35, 33, 1, 58, 26, 47, 76, 20, 70, 27, 3, 11, 12, 74, 0], [0, 4, 43, 38, 15, 19, 57, 8, 59, 52, 71, 0], [0, 36, 37, 28, 48, 31, 42, 29, 7, 77, 22, 75, 21, 23, 46, 41, 24, 39, 0], [0, 50, 51, 56, 44, 34, 32, 40, 45, 49, 54, 0], [0, 55, 63, 66, 64, 61, 13, 9, 10, 30, 53, 60, 16, 25, 5, 0], [0, 68, 62, 65, 67, 69, 73, 18, 2, 14, 17, 72, 6, 0]]"
12,15,180,2768.2735787673587,2767.464283049851,9.036838216217447,228.97654997273816,314.96062994003296,417,315,"{'two-opt': 0, 'three-opt': 124, 'two-opt-star': 293}","[[0, 35, 33, 1, 58, 26, 47, 76, 20, 70, 27, 3, 11, 12, 74, 0], [0, 36, 37, 28, 48, 31, 42, 29, 7, 77, 22, 75, 21, 23, 46, 41, 24, 39, 0], [0, 50, 51, 56, 44, 34, 32, 40, 45, 49, 54, 0], [0, 55, 63, 66, 64, 61, 13, 9, 10, 30, 53, 60, 16, 25, 5, 0], [0, 68, 62, 65, 67, 69, 73, 18, 2, 14, 17, 72, 6, 0], [0, 4, 43, 38, 15, 19, 57, 8, 59, 52, 71, 79, 78, 0]]","[[0, 35, 33, 1, 58, 26, 47, 76, 20, 70, 27, 3, 11, 12, 74, 0], [0, 36, 37, 28, 48, 31, 42, 29, 7, 77, 22, 75, 21, 23, 46, 41, 24, 39, 0], [0, 50, 51, 56, 44, 34, 32, 40, 45, 49, 54, 0], [0, 55, 63, 66, 64, 61, 9, 13, 10, 30, 53, 52, 60, 0], [0, 68, 62, 65, 67, 69, 73, 18, 2, 14, 17, 72, 6, 0], [0, 4, 43, 38, 15, 19, 57, 8, 25, 59, 71, 79, 16, 78, 5, 0]]"
13,15,195,3171.831198706286,2775.2561999815916,9.036838216217447,245.08260344139086,474.5679421424866,507,405,"{'two-opt': 0, 'three-opt': 102, 'two-opt-star': 405}","[[0, 35, 33, 1, 58, 26, 47, 76, 20, 70, 27, 3, 11, 12, 74, 0], [0, 36, 37, 28, 48, 31, 42, 29, 7, 77, 22, 75, 21, 23, 46, 41, 24, 39, 0], [0, 50, 51, 56, 44, 34, 32, 40, 45, 49, 54, 0], [0, 55, 63, 66, 64, 61, 9, 13, 10, 30, 53, 52, 60, 0], [0, 68, 62, 65, 67, 69, 73, 18, 2, 14, 17, 72, 6, 0], [0, 4, 43, 38, 15, 19, 57, 8, 25, 59, 71, 79, 16, 78, 5, 0], [0, 80, 0]]","[[0, 35, 33, 1, 58, 26, 47, 76, 70, 27, 3, 11, 12, 9, 53, 60, 0], [0, 36, 37, 28, 48, 31, 42, 29, 7, 77, 13, 52, 16, 78, 71, 79, 0], [0, 50, 51, 56, 44, 34, 32, 46, 23, 21, 49, 30, 54, 0], [0, 55, 63, 66, 64, 61, 80, 0], [0, 68, 62, 65, 67, 69, 73, 18, 2, 14, 17, 10, 20, 75, 22, 74, 72, 6, 0], [0, 4, 5, 43, 38, 15, 19, 57, 8, 25, 59, 24, 40, 45, 41, 39, 0]]"
14,15,210,2786.0397937029925,2784.7695922700805,9.036838216217447,254.62489487872574,352.7862503528595,389,236,"{'two-opt': 0, 'three-opt': 36, 'two-opt-star': 353}","[[0, 35, 33, 1, 58, 26, 47, 76, 70, 27, 3, 11, 12, 9, 53, 60, 0], [0, 36, 37, 28, 48, 31, 42, 29, 7, 77, 13, 52, 16, 78, 71, 79, 0], [0, 50, 51, 56, 44, 34, 32, 46, 23, 21, 49, 30, 54, 0], [0, 68, 62, 65, 67, 69, 73, 18, 2, 14, 17, 10, 20, 75, 22, 74, 72, 6, 0], [0, 4, 5, 43, 38, 15, 19, 57, 8, 25, 59, 24, 40, 45, 41, 39, 0], [0, 55, 63, 66, 64, 61, 80, 81, 82, 0]]","[[0, 35, 33, 1, 58, 26, 47, 76, 70, 27, 11, 13, 12, 9, 53, 60, 0], [0, 36, 37, 28, 48, 31, 42, 29, 3, 7, 77, 49, 30, 52, 16, 78, 71, 79, 0], [0, 50, 51, 56, 44, 34, 32, 82, 46, 23, 21, 54, 0], [0, 68, 62, 65, 67, 69, 73, 18, 2, 14, 17, 10, 20, 75, 22, 74, 72, 6, 0], [0, 4, 5, 43, 38, 15, 19, 57, 8, 25, 59, 24, 40, 41, 45, 39, 0], [0, 55, 63, 66, 64, 61, 80, 81, 0]]"
15,15,225,3206.7163635698494,2804.7037540329325,9.036838216217447,271.5748793929944,370.211505651474,527,425,"{'two-opt': 0, 'three-opt': 149, 'two-opt-star': 378}","[[0, 35, 33, 1, 58, 26, 47, 76, 70, 27, 11, 13, 12, 9, 53, 60, 0], [0, 36, 37, 28, 48, 31, 42, 29, 3, 7, 77, 49, 30, 52, 16, 78, 71, 79, 0], [0, 50, 51, 56, 44, 34, 32, 82, 46, 23, 21, 54, 0], [0, 68, 62, 65, 67, 69, 73, 18, 2, 14, 17, 10, 20, 75, 22, 74, 72, 6, 0], [0, 4, 5, 43, 38, 15, 19, 57, 8, 25, 59, 24, 40, 41, 45, 39, 0], [0, 85, 84, 87, 86, 0], [0, 55, 63, 66, 64, 61, 80, 81, 83, 0]]","[[0, 35, 33, 1, 58, 26, 47, 76, 75, 22, 20, 27, 70, 72, 74, 60, 16, 78, 0], [0, 36, 37, 28, 48, 31, 42, 29, 3, 7, 77, 21, 49, 83, 11, 52, 71, 87, 79, 0], [0, 50, 51, 56, 44, 34, 32, 84, 86, 82, 24, 46, 45, 54, 0], [0, 68, 62, 65, 67, 85, 69, 73, 18, 2, 14, 17, 0], [0, 4, 5, 43, 38, 15, 19, 57, 8, 6, 25, 59, 40, 41, 23, 39, 0], [0, 55, 63, 66, 64, 61, 80, 81, 30, 10, 13, 12, 9, 53, 0]]"
16,15,240,3223.421780342789,3222.226058041845,9.036838216217447,276.9084710000872,188.66236519813538,381,177,"{'two-opt': 0, 'three-opt': 86, 'two-opt-star': 295}","[[0, 35, 33, 1, 58, 26, 47, 76, 75, 22, 20, 27, 70, 72, 74, 60, 16, 78, 0], [0, 36, 37, 28, 48, 31, 42, 29, 3, 7, 77, 21, 49, 83, 11, 52, 71, 87, 79, 0], [0, 50, 51, 56, 44, 34, 32, 84, 86, 82, 24, 46, 45, 54, 0], [0, 68, 62, 65, 67, 85, 69, 73, 18, 2, 14, 17, 0], [0, 4, 5, 43, 38, 15, 19, 57, 8, 6, 25, 59, 40, 41, 23, 39, 0], [0, 55, 63, 66, 64, 61, 80, 81, 30, 10, 13, 12, 9, 53, 0], [0, 88, 89, 0]]","[[0, 35, 33, 1, 58, 26, 47, 76, 75, 22, 20, 70, 27, 72, 74, 60, 16, 78, 0], [0, 36, 37, 28, 48, 31, 42, 29, 3, 7, 77, 21, 83, 49, 11, 52, 71, 87, 79, 0], [0, 50, 51, 56, 44, 34, 32, 84, 86, 82, 24, 46, 45, 54, 0], [0, 68, 62, 65, 67, 85, 69, 73, 18, 2, 14, 17, 0], [0, 4, 5, 43, 38, 15, 19, 57, 8, 6, 25, 59, 39, 0], [0, 55, 63, 66, 64, 61, 80, 81, 30, 10, 13, 12, 9, 53, 0], [0, 88, 40, 41, 23, 89, 0]]"
17,15,255,3641.2580717860733,3240.107287913569,12.63644143041246,301.0757110931708,174.10594487190247,420,318,"{'two-opt': 0, 'three-opt': 113, 'two-opt-star': 307}","[[0, 35, 33, 1, 58, 26, 47, 76, 75, 22, 20, 70, 27, 72, 74, 60, 16, 78, 0], [0, 36, 37, 28, 48, 31, 42, 29, 3, 7, 77, 21, 83, 49, 11, 52, 71, 87, 79, 0], [0, 50, 51, 56, 44, 34, 32, 84, 86, 82, 24, 46, 45, 54, 0], [0, 68, 62, 65, 67, 85, 69, 73, 18, 2, 14, 17, 0], [0, 4, 5, 43, 38, 15, 19, 57, 8, 6, 25, 59, 39, 0], [0, 55, 63, 66, 64, 61, 80, 81, 30, 10, 13, 12, 9, 53, 0], [0, 88, 40, 41, 23, 89, 0], [0, 91, 92, 90, 0]]","[[0, 35, 33, 1, 58, 26, 47, 76, 75, 22, 20, 70, 27, 72, 74, 60, 16, 78, 0], [0, 36, 37, 28, 48, 31, 42, 29, 3, 7, 77, 21, 83, 52, 59, 71, 79, 0], [0, 50, 51, 56, 44, 34, 32, 87, 84, 82, 86, 46, 45, 24, 0], [0, 68, 62, 65, 67, 85, 69, 73, 18, 2, 14, 17, 0], [0, 4, 5, 43, 38, 15, 19, 57, 8, 6, 25, 91, 92, 12, 9, 53, 0], [0, 55, 63, 66, 64, 61, 80, 81, 30, 90, 11, 13, 10, 49, 54, 0], [0, 88, 40, 41, 23, 89, 39, 0]]"
18,15,270,3681.6008470090537,3676.6186161259284,13.51965219487785,328.43303690786036,430.8617613315582,515,413,"{'two-opt': 0, 'three-opt': 144, 'two-opt-star': 371}","[[0, 35, 33, 1, 58, 26, 47, 76, 75, 22, 20, 70, 27, 72, 74, 60, 16, 78, 0], [0, 36, 37, 28, 48, 31, 42, 29, 3, 7, 77, 21, 83, 52, 59, 71, 79, 0], [0, 50, 51, 56, 44, 34, 32, 87, 84, 82, 86, 46, 45, 24, 0], [0, 4, 5, 43, 38, 15, 19, 57, 8, 6, 25, 91, 92, 12, 9, 53, 0], [0, 55, 63, 66, 64, 61, 80, 81, 30, 90, 11, 13, 10, 49, 54, 0], [0, 88, 40, 41, 23, 89, 39, 0], [0, 96, 98, 93, 95, 0], [0, 68, 62, 65, 67, 85, 69, 73, 18, 2, 14, 17, 94, 97, 0]]","[[0, 35, 33, 1, 58, 26, 47, 76, 75, 22, 20, 70, 27, 9, 11, 30, 60, 71, 0], [0, 36, 37, 28, 48, 31, 42, 29, 3, 7, 77, 21, 83, 90, 59, 97, 0], [0, 50, 51, 56, 44, 34, 32, 87, 84, 82, 86, 79, 45, 46, 0], [0, 4, 43, 38, 15, 19, 57, 5, 25, 6, 8, 91, 92, 95, 98, 2, 73, 18, 93, 0], [0, 55, 63, 66, 64, 61, 80, 81, 10, 12, 49, 54, 94, 16, 78, 0], [0, 88, 40, 41, 23, 89, 52, 0], [0, 96, 13, 53, 24, 39, 0], [0, 68, 62, 65, 67, 85, 69, 14, 17, 72, 74, 0]]"
19,15,285,3683.941135382609,3680.688013543587,13.51965219487785,331.7837655952064,297.0909893512726,433,382,"{'two-opt': 0, 'three-opt': 82, 'two-opt-star': 351}","[[0, 35, 33, 1, 58, 26, 47, 76, 75, 22, 20, 70, 27, 9, 11, 30, 60, 71, 0], [0, 36, 37, 28, 48, 31, 42, 29, 3, 7, 77, 21, 83, 90, 59, 97, 0], [0, 50, 51, 56, 44, 34, 32, 87, 84, 82, 86, 79, 45, 46, 0], [0, 4, 43, 38, 15, 19, 57, 5, 25, 6, 8, 91, 92, 95, 98, 2, 73, 18, 93, 0], [0, 55, 63, 66, 64, 61, 80, 81, 10, 12, 49, 54, 94, 16, 78, 0], [0, 88, 40, 41, 23, 89, 52, 0], [0, 96, 13, 53, 24, 39, 0], [0, 68, 62, 65, 67, 85, 69, 14, 17, 72, 74, 99, 0]]","[[0, 35, 33, 1, 58, 26, 47, 76, 75, 22, 20, 70, 27, 9, 12, 11, 30, 60, 71, 0], [0, 36, 37, 28, 48, 31, 42, 29, 3, 7, 77, 21, 83, 99, 72, 74, 90, 52, 0], [0, 50, 51, 56, 44, 34, 32, 87, 84, 82, 86, 79, 45, 0], [0, 4, 43, 38, 15, 19, 57, 5, 25, 6, 8, 91, 92, 95, 98, 2, 93, 17, 0], [0, 55, 63, 66, 64, 61, 80, 81, 10, 49, 54, 94, 16, 78, 0], [0, 88, 40, 41, 23, 46, 89, 0], [0, 96, 13, 53, 97, 24, 39, 0], [0, 68, 62, 65, 67, 85, 69, 73, 18, 14, 59, 0]]"
20,15,300,4100.677750796632,4099.256111091363,13.51965219487785,338.4198631144983,160.42040300369263,441,390,"{'two-opt': 0, 'three-opt': 87, 'two-opt-star': 354}","[[0, 35, 33, 1, 58, 26, 47, 76, 75, 22, 20, 70, 27, 9, 12, 11, 30, 60, 71, 0], [0, 36, 37, 28, 48, 31, 42, 29, 3, 7, 77, 21, 83, 99, 72, 74, 90, 52, 0], [0, 50, 51, 56, 44, 34, 32, 87, 84, 82, 86, 79, 45, 0], [0, 4, 43, 38, 15, 19, 57, 5, 25, 6, 8, 91, 92, 95, 98, 2, 93, 17, 0], [0, 55, 63, 66, 64, 61, 80, 81, 10, 49, 54, 94, 16, 78, 0], [0, 88, 40, 41, 23, 46, 89, 0], [0, 96, 13, 53, 97, 24, 39, 0], [0, 68, 62, 65, 67, 85, 69, 73, 18, 14, 59, 0], [0, 100, 101, 0]]","[[0, 35, 33, 1, 58, 26, 47, 76, 75, 22, 20, 70, 27, 9, 12, 11, 30, 60, 0], [0, 36, 37, 28, 48, 31, 42, 29, 3, 7, 77, 21, 83, 99, 72, 74, 52, 0], [0, 50, 51, 56, 44, 34, 32, 87, 84, 82, 86, 79, 0], [0, 4, 43, 38, 15, 19, 57, 5, 25, 6, 8, 91, 92, 95, 98, 2, 93, 17, 0], [0, 55, 63, 66, 64, 61, 80, 81, 10, 49, 54, 94, 16, 78, 0], [0, 88, 40, 41, 23, 46, 89, 0], [0, 96, 13, 90, 53, 24, 39, 0], [0, 68, 62, 65, 67, 85, 69, 73, 18, 14, 59, 0], [0, 97, 100, 45, 71, 101, 0]]"
21,15,315,4106.205872739479,4100.8740044248125,13.51965219487785,333.52899995696987,156.33551931381226,421,319,"{'two-opt': 0, 'three-opt': 91, 'two-opt-star': 330}","[[0, 35, 33, 1, 58, 26, 47, 76, 75, 22, 20, 70, 27, 9, 12, 11, 30, 60, 0], [0, 36, 37, 28, 48, 31, 42, 29, 3, 7, 77, 21, 83, 99, 72, 74, 52, 0], [0, 4, 43, 38, 15, 19, 57, 5, 25, 6, 8, 91, 92, 95, 98, 2, 93, 17, 0], [0, 55, 63, 66, 64, 61, 80, 81, 10, 49, 54, 94, 16, 78, 0], [0, 88, 40, 41, 23, 46, 89, 0], [0, 96, 13, 90, 53, 24, 39, 0], [0, 68, 62, 65, 67, 85, 69, 73, 18, 14, 59, 0], [0, 97, 100, 45, 71, 101, 0], [0, 50, 51, 56, 44, 34, 32, 87, 84, 82, 86, 79, 102, 0]]","[[0, 35, 33, 1, 58, 26, 47, 76, 75, 22, 20, 70, 27, 96, 102, 9, 12, 13, 0], [0, 36, 37, 28, 48, 31, 42, 29, 3, 7, 77, 21, 83, 99, 72, 74, 52, 60, 0], [0, 4, 43, 38, 15, 19, 57, 5, 25, 6, 8, 91, 92, 95, 98, 2, 93, 17, 0], [0, 55, 63, 66, 64, 61, 80, 81, 10, 11, 30, 49, 54, 0], [0, 88, 40, 41, 23, 46, 89, 0], [0, 90, 53, 24, 39, 0], [0, 68, 62, 65, 67, 85, 69, 73, 14, 18, 94, 59, 0], [0, 97, 100, 45, 71, 101, 0], [0, 50, 51, 56, 44, 34, 32, 87, 84, 82, 86, 16, 78, 79, 0]]"
22,15,330,4103.6756912451665,4102.839519904623,13.51965219487785,331.23589094584037,162.69882106781006,399,348,"{'two-opt': 0, 'three-opt': 104, 'two-opt-star': 295}","[[0, 35, 33, 1, 58, 26, 47, 76, 75, 22, 20, 70, 27, 96, 102, 9, 12, 13, 0], [0, 36, 37, 28, 48, 31, 42, 29, 3, 7, 77, 21, 83, 99, 72, 74, 52, 60, 0], [0, 55, 63, 66, 64, 61, 80, 81, 10, 11, 30, 49, 54, 0], [0, 88, 40, 41, 23, 46, 89, 0], [0, 90, 53, 24, 39, 0], [0, 68, 62, 65, 67, 85, 69, 73, 14, 18, 94, 59, 0], [0, 97, 100, 45, 71, 101, 0], [0, 50, 51, 56, 44, 34, 32, 87, 84, 82, 86, 16, 78, 79, 0], [0, 4, 43, 38, 15, 19, 57, 5, 25, 6, 8, 91, 92, 95, 98, 2, 93, 17, 103, 0]]","[[0, 35, 33, 1, 58, 26, 47, 76, 75, 22, 20, 70, 27, 96, 102, 9, 12, 13, 0], [0, 36, 37, 28, 48, 31, 42, 29, 3, 7, 77, 21, 83, 99, 72, 74, 52, 60, 0], [0, 55, 63, 66, 64, 61, 80, 81, 10, 11, 30, 49, 54, 0], [0, 88, 40, 41, 23, 46, 89, 0], [0, 90, 53, 24, 45, 39, 0], [0, 68, 62, 65, 67, 85, 69, 73, 14, 18, 94, 59, 0], [0, 97, 100, 71, 101, 0], [0, 50, 51, 56, 44, 34, 32, 87, 84, 82, 86, 16, 78, 79, 0], [0, 4, 43, 38, 15, 19, 57, 5, 25, 6, 8, 91, 92, 95, 98, 2, 93, 17, 103, 0]]"
23,15,345,4509.863268717728,4112.110034226777,13.51965219487785,351.0111993315975,270.77055621147156,464,385,"{'two-opt': 0, 'three-opt': 124, 'two-opt-star': 340}","[[0, 35, 33, 1, 58, 26, 47, 76, 75, 22, 20, 70, 27, 96, 102, 9, 12, 13, 0], [0, 36, 37, 28, 48, 31, 42, 29, 3, 7, 77, 21, 83, 99, 72, 74, 52, 60, 0], [0, 55, 63, 66, 64, 61, 80, 81, 10, 11, 30, 49, 54, 0], [0, 88, 40, 41, 23, 46, 89, 0], [0, 90, 53, 24, 45, 39, 0], [0, 68, 62, 65, 67, 85, 69, 73, 14, 18, 94, 59, 0], [0, 97, 100, 71, 101, 0], [0, 50, 51, 56, 44, 34, 32, 87, 84, 82, 86, 16, 78, 79, 0], [0, 4, 43, 38, 15, 19, 57, 5, 25, 6, 8, 91, 92, 95, 98, 2, 93, 17, 103, 0], [0, 104, 0]]","[[0, 35, 33, 1, 58, 26, 47, 76, 75, 22, 20, 70, 27, 96, 102, 9, 13, 12, 11, 0], [0, 36, 37, 28, 48, 31, 42, 29, 3, 7, 77, 21, 83, 99, 94, 78, 79, 0], [0, 55, 63, 66, 64, 61, 80, 81, 10, 30, 49, 54, 59, 0], [0, 88, 40, 41, 23, 46, 89, 0], [0, 90, 53, 24, 45, 39, 0], [0, 68, 62, 65, 67, 85, 69, 73, 14, 93, 104, 0], [0, 97, 100, 71, 101, 0], [0, 50, 51, 56, 44, 34, 32, 87, 84, 82, 86, 16, 72, 74, 52, 60, 0], [0, 4, 43, 38, 15, 19, 57, 5, 25, 6, 8, 91, 92, 95, 98, 2, 18, 17, 103, 0]]"
24,15,360,4112.110034226777,4112.110034226777,13.51965219487785,351.0111993315975,80.30034685134888,357,0,"{'two-opt': 0, 'three-opt': 51, 'two-opt-star': 306}","[[0, 35, 33, 1, 58, 26, 47, 76, 75, 22, 20, 70, 27, 96, 102, 9, 13, 12, 11, 0], [0, 36, 37, 28, 48, 31, 42, 29, 3, 7, 77, 21, 83, 99, 94, 78, 79, 0], [0, 55, 63, 66, 64, 61, 80, 81, 10, 30, 49, 54, 59, 0], [0, 88, 40, 41, 23, 46, 89, 0], [0, 90, 53, 24, 45, 39, 0], [0, 68, 62, 65, 67, 85, 69, 73, 14, 93, 104, 0], [0, 97, 100, 71, 101, 0], [0, 50, 51, 56, 44, 34, 32, 87, 84, 82, 86, 16, 72, 74, 52, 60, 0], [0, 4, 43, 38, 15, 19, 57, 5, 25, 6, 8, 91, 92, 95, 98, 2, 18, 17, 103, 0]]","[[0, 35, 33, 1, 58, 26, 47, 76, 75, 22, 20, 70, 27, 96, 102, 9, 13, 12, 11, 0], [0, 36, 37, 28, 48, 31, 42, 29, 3, 7, 77, 21, 83, 99, 94, 78, 79, 0], [0, 55, 63, 66, 64, 61, 80, 81, 10, 30, 49, 54, 59, 0], [0, 88, 40, 41, 23, 46, 89, 0], [0, 90, 53, 24, 45, 39, 0], [0, 68, 62, 65, 67, 85, 69, 73, 14, 93, 104, 0], [0, 97, 100, 71, 101, 0], [0, 50, 51, 56, 44, 34, 32, 87, 84, 82, 86, 16, 72, 74, 52, 60, 0], [0, 4, 43, 38, 15, 19, 57, 5, 25, 6, 8, 91, 92, 95, 98, 2, 18, 17, 103, 0]]"
25,15,375,4114.894807330619,4114.729360811123,13.51965219487785,350.78275696637087,104.52710199356079,386,335,"{'two-opt': 0, 'three-opt': 46, 'two-opt-star': 340}","[[0, 35, 33, 1, 58, 26, 47, 76, 75, 22, 20, 70, 27, 96, 102, 9, 13, 12, 11, 0], [0, 36, 37, 28, 48, 31, 42, 29, 3, 7, 77, 21, 83, 99, 94, 78, 79, 0], [0, 88, 40, 41, 23, 46, 89, 0], [0, 90, 53, 24, 45, 39, 0], [0, 68, 62, 65, 67, 85, 69, 73, 14, 93, 104, 0], [0, 97, 100, 71, 101, 0], [0, 50, 51, 56, 44, 34, 32, 87, 84, 82, 86, 16, 72, 74, 52, 60, 0], [0, 4, 43, 38, 15, 19, 57, 5, 25, 6, 8, 91, 92, 95, 98, 2, 18, 17, 103, 0], [0, 55, 63, 66, 64, 61, 80, 81, 10, 30, 49, 54, 59, 105, 0]]","[[0, 35, 33, 1, 58, 26, 47, 76, 75, 22, 20, 70, 27, 96, 102, 9, 13, 12, 11, 0], [0, 36, 37, 28, 48, 31, 42, 29, 3, 7, 77, 21, 83, 99, 94, 78, 0], [0, 88, 40, 41, 23, 46, 89, 0], [0, 90, 53, 24, 45, 39, 0], [0, 68, 62, 65, 67, 85, 69, 73, 14, 93, 104, 0], [0, 97, 100, 71, 79, 101, 0], [0, 50, 51, 56, 44, 34, 32, 87, 84, 82, 86, 16, 72, 74, 52, 60, 0], [0, 4, 43, 38, 15, 19, 57, 5, 25, 6, 8, 91, 92, 95, 98, 2, 18, 17, 103, 0], [0, 55, 63, 66, 64, 61, 80, 81, 10, 30, 49, 54, 105, 59, 0]]"
26,15,390,4114.729360811123,4112.124081068219,13.51965219487785,342.5555577782562,132.56633162498474,460,307,"{'two-opt': 0, 'three-opt': 27, 'two-opt-star': 433}","[[0, 35, 33, 1, 58, 26, 47, 76, 75, 22, 20, 70, 27, 96, 102, 9, 13, 12, 11, 0], [0, 36, 37, 28, 48, 31, 42, 29, 3, 7, 77, 21, 83, 99, 94, 78, 0], [0, 88, 40, 41, 23, 46, 89, 0], [0, 90, 53, 24, 45, 39, 0], [0, 68, 62, 65, 67, 85, 69, 73, 14, 93, 104, 0], [0, 97, 100, 71, 79, 101, 0], [0, 50, 51, 56, 44, 34, 32, 87, 84, 82, 86, 16, 72, 74, 52, 60, 0], [0, 4, 43, 38, 15, 19, 57, 5, 25, 6, 8, 91, 92, 95, 98, 2, 18, 17, 103, 0], [0, 55, 63, 66, 64, 61, 80, 81, 10, 30, 49, 54, 105, 59, 0]]","[[0, 35, 33, 1, 58, 26, 47, 76, 75, 22, 20, 70, 27, 96, 102, 9, 12, 13, 11, 0], [0, 36, 37, 28, 48, 31, 42, 29, 3, 7, 77, 21, 83, 99, 60, 78, 0], [0, 88, 40, 41, 23, 46, 89, 0], [0, 90, 53, 52, 45, 24, 39, 0], [0, 68, 62, 65, 67, 85, 69, 73, 14, 93, 104, 0], [0, 97, 94, 16, 100, 72, 103, 74, 0], [0, 50, 51, 56, 44, 34, 32, 87, 84, 82, 86, 101, 71, 79, 0], [0, 4, 43, 38, 15, 19, 57, 5, 25, 6, 8, 91, 92, 95, 98, 2, 18, 17, 0], [0, 55, 63, 66, 64, 61, 80, 81, 10, 30, 49, 54, 105, 59, 0]]"
27,15,405,4118.073848980898,4117.900589105764,13.51965219487785,349.10034692909284,55.50160884857178,412,361,"{'two-opt': 0, 'three-opt': 19, 'two-opt-star': 393}","[[0, 35, 33, 1, 58, 26, 47, 76, 75, 22, 20, 70, 27, 96, 102, 9, 12, 13, 11, 0], [0, 36, 37, 28, 48, 31, 42, 29, 3, 7, 77, 21, 83, 99, 60, 78, 0], [0, 88, 40, 41, 23, 46, 89, 0], [0, 90, 53, 52, 45, 24, 39, 0], [0, 97, 94, 16, 100, 72, 103, 74, 0], [0, 50, 51, 56, 44, 34, 32, 87, 84, 82, 86, 101, 71, 79, 0], [0, 4, 43, 38, 15, 19, 57, 5, 25, 6, 8, 91, 92, 95, 98, 2, 18, 17, 0], [0, 55, 63, 66, 64, 61, 80, 81, 10, 30, 49, 54, 105, 59, 0], [0, 68, 62, 65, 67, 85, 69, 73, 14, 93, 104, 106, 0]]","[[0, 35, 33, 1, 58, 26, 47, 76, 75, 22, 20, 70, 27, 96, 102, 9, 12, 13, 11, 0], [0, 36, 37, 28, 48, 31, 42, 29, 3, 7, 77, 21, 83, 99, 53, 52, 78, 0], [0, 88, 40, 41, 23, 46, 89, 0], [0, 90, 60, 24, 45, 39, 0], [0, 97, 94, 16, 100, 74, 0], [0, 50, 51, 56, 44, 34, 32, 87, 84, 82, 86, 101, 71, 79, 0], [0, 4, 43, 38, 15, 19, 57, 5, 25, 6, 8, 91, 92, 95, 98, 2, 18, 17, 103, 72, 0], [0, 55, 63, 66, 64, 61, 80, 81, 10, 30, 49, 54, 105, 59, 0], [0, 68, 62, 65, 67, 85, 69, 73, 14, 93, 104, 106, 0]]"
28,15,420,4121.45850950505,4121.45850950505,13.51965219487785,350.3358850321023,36.30792570114136,357,0,"{'two-opt': 0, 'three-opt': 25, 'two-opt-star': 332}","[[0, 35, 33, 1, 58, 26, 47, 76, 75, 22, 20, 70, 27, 96, 102, 9, 12, 13, 11, 0], [0, 36, 37, 28, 48, 31, 42, 29, 3, 7, 77, 21, 83, 99, 53, 52, 78, 0], [0, 88, 40, 41, 23, 46, 89, 0], [0, 90, 60, 24, 45, 39, 0], [0, 97, 94, 16, 100, 74, 0], [0, 50, 51, 56, 44, 34, 32, 87, 84, 82, 86, 101, 71, 79, 0], [0, 4, 43, 38, 15, 19, 57, 5, 25, 6, 8, 91, 92, 95, 98, 2, 18, 17, 103, 72, 0], [0, 55, 63, 66, 64, 61, 80, 81, 10, 30, 49, 54, 105, 59, 0], [0, 68, 62, 65, 67, 85, 69, 73, 14, 93, 104, 106, 107, 0]]","[[0, 35, 33, 1, 58, 26, 47, 76, 75, 22, 20, 70, 27, 96, 102, 9, 12, 13, 11, 0], [0, 36, 37, 28, 48, 31, 42, 29, 3, 7, 77, 21, 83, 99, 53, 52, 78, 0], [0, 88, 40, 41, 23, 46, 89, 0], [0, 90, 60, 24, 45, 39, 0], [0, 97, 94, 16, 100, 74, 0], [0, 50, 51, 56, 44, 34, 32, 87, 84, 82, 86, 101, 71, 79, 0], [0, 4, 43, 38, 15, 19, 57, 5, 25, 6, 8, 91, 92, 95, 98, 2, 18, 17, 103, 72, 0], [0, 55, 63, 66, 64, 61, 80, 81, 10, 30, 49, 54, 105, 59, 0], [0, 68, 62, 65, 67, 85, 69, 73, 14, 93, 104, 106, 107, 0]]"
29,15,435,4121.45850950505,4121.378222880875,13.51965219487785,350.0823483241797,126.0973711013794,406,253,"{'two-opt': 0, 'three-opt': 25, 'two-opt-star': 381}","[[0, 35, 33, 1, 58, 26, 47, 76, 75, 22, 20, 70, 27, 96, 102, 9, 12, 13, 11, 0], [0, 36, 37, 28, 48, 31, 42, 29, 3, 7, 77, 21, 83, 99, 53, 52, 78, 0], [0, 88, 40, 41, 23, 46, 89, 0], [0, 90, 60, 24, 45, 39, 0], [0, 97, 94, 16, 100, 74, 0], [0, 50, 51, 56, 44, 34, 32, 87, 84, 82, 86, 101, 71, 79, 0], [0, 4, 43, 38, 15, 19, 57, 5, 25, 6, 8, 91, 92, 95, 98, 2, 18, 17, 103, 72, 0], [0, 55, 63, 66, 64, 61, 80, 81, 10, 30, 49, 54, 105, 59, 0], [0, 68, 62, 65, 67, 85, 69, 73, 14, 93, 104, 106, 107, 0]]","[[0, 35, 33, 1, 58, 26, 47, 76, 75, 22, 20, 70, 27, 96, 102, 9, 12, 13, 11, 0], [0, 36, 37, 28, 48, 31, 42, 29, 3, 7, 77, 21, 83, 99, 53, 52, 78, 0], [0, 88, 40, 23, 46, 89, 0], [0, 90, 60, 41, 45, 24, 39, 0], [0, 97, 94, 16, 100, 74, 0], [0, 50, 51, 56, 44, 34, 32, 87, 84, 82, 86, 101, 71, 79, 0], [0, 4, 43, 38, 15, 19, 57, 5, 25, 6, 8, 91, 92, 95, 98, 2, 18, 17, 103, 72, 0], [0, 55, 63, 66, 64, 61, 80, 81, 10, 30, 49, 54, 105, 59, 0], [0, 68, 62, 65, 67, 85, 69, 73, 14, 93, 104, 106, 107, 0]]"
30,15,450,4121.378222880875,4121.378222880875,13.51965219487785,350.0823483241797,27.77792978286743,357,0,"{'two-opt': 0, 'three-opt': 0, 'two-opt-star': 357}","[[0, 35, 33, 1, 58, 26, 47, 76, 75, 22, 20, 70, 27, 96, 102, 9, 12, 13, 11, 0], [0, 36, 37, 28, 48, 31, 42, 29, 3, 7, 77, 21, 83, 99, 53, 52, 78, 0], [0, 88, 40, 23, 46, 89, 0], [0, 90, 60, 41, 45, 24, 39, 0], [0, 97, 94, 16, 100, 74, 0], [0, 50, 51, 56, 44, 34, 32, 87, 84, 82, 86, 101, 71, 79, 0], [0, 4, 43, 38, 15, 19, 57, 5, 25, 6, 8, 91, 92, 95, 98, 2, 18, 17, 103, 72, 0], [0, 55, 63, 66, 64, 61, 80, 81, 10, 30, 49, 54, 105, 59, 0], [0, 68, 62, 65, 67, 85, 69, 73, 14, 93, 104, 106, 107, 0]]","[[0, 35, 33, 1, 58, 26, 47, 76, 75, 22, 20, 70, 27, 96, 102, 9, 12, 13, 11, 0], [0, 36, 37, 28, 48, 31, 42, 29, 3, 7, 77, 21, 83, 99, 53, 52, 78, 0], [0, 88, 40, 23, 46, 89, 0], [0, 90, 60, 41, 45, 24, 39, 0], [0, 97, 94, 16, 100, 74, 0], [0, 50, 51, 56, 44, 34, 32, 87, 84, 82, 86, 101, 71, 79, 0], [0, 4, 43, 38, 15, 19, 57, 5, 25, 6, 8, 91, 92, 95, 98, 2, 18, 17, 103, 72, 0], [0, 55, 63, 66, 64, 61, 80, 81, 10, 30, 49, 54, 105, 59, 0], [0, 68, 62, 65, 67, 85, 69, 73, 14, 93, 104, 106, 107, 0]]"
31,15,465,4121.378222880875,4121.378222880875,13.51965219487785,350.0823483241797,36.60126304626465,357,0,"{'two-opt': 0, 'three-opt': 4, 'two-opt-star': 353}","[[0, 35, 33, 1, 58, 26, 47, 76, 75, 22, 20, 70, 27, 96, 102, 9, 12, 13, 11, 0], [0, 36, 37, 28, 48, 31, 42, 29, 3, 7, 77, 21, 83, 99, 53, 52, 78, 0], [0, 88, 40, 23, 46, 89, 0], [0, 90, 60, 41, 45, 24, 39, 0], [0, 97, 94, 16, 100, 74, 0], [0, 50, 51, 56, 44, 34, 32, 87, 84, 82, 86, 101, 71, 79, 0], [0, 4, 43, 38, 15, 19, 57, 5, 25, 6, 8, 91, 92, 95, 98, 2, 18, 17, 103, 72, 0], [0, 55, 63, 66, 64, 61, 80, 81, 10, 30, 49, 54, 105, 59, 0], [0, 68, 62, 65, 67, 85, 69, 73, 14, 93, 104, 106, 107, 0]]","[[0, 35, 33, 1, 58, 26, 47, 76, 75, 22, 20, 70, 27, 96, 102, 9, 12, 13, 11, 0], [0, 36, 37, 28, 48, 31, 42, 29, 3, 7, 77, 21, 83, 99, 53, 52, 78, 0], [0, 88, 40, 23, 46, 89, 0], [0, 90, 60, 41, 45, 24, 39, 0], [0, 97, 94, 16, 100, 74, 0], [0, 50, 51, 56, 44, 34, 32, 87, 84, 82, 86, 101, 71, 79, 0], [0, 4, 43, 38, 15, 19, 57, 5, 25, 6, 8, 91, 92, 95, 98, 2, 18, 17, 103, 72, 0], [0, 55, 63, 66, 64, 61, 80, 81, 10, 30, 49, 54, 105, 59, 0], [0, 68, 62, 65, 67, 85, 69, 73, 14, 93, 104, 106, 107, 0]]"
32,15,480,4121.378222880875,4121.378222880875,13.51965219487785,350.0823483241797,56.76850080490112,357,0,"{'two-opt': 0, 'three-opt': 4, 'two-opt-star': 353}","[[0, 35, 33, 1, 58, 26, 47, 76, 75, 22, 20, 70, 27, 96, 102, 9, 12, 13, 11, 0], [0, 36, 37, 28, 48, 31, 42, 29, 3, 7, 77, 21, 83, 99, 53, 52, 78, 0], [0, 88, 40, 23, 46, 89, 0], [0, 90, 60, 41, 45, 24, 39, 0], [0, 97, 94, 16, 100, 74, 0], [0, 50, 51, 56, 44, 34, 32, 87, 84, 82, 86, 101, 71, 79, 0], [0, 4, 43, 38, 15, 19, 57, 5, 25, 6, 8, 91, 92, 95, 98, 2, 18, 17, 103, 72, 0], [0, 55, 63, 66, 64, 61, 80, 81, 10, 30, 49, 54, 105, 59, 0], [0, 68, 62, 65, 67, 85, 69, 73, 14, 93, 104, 106, 107, 0]]","[[0, 35, 33, 1, 58, 26, 47, 76, 75, 22, 20, 70, 27, 96, 102, 9, 12, 13, 11, 0], [0, 36, 37, 28, 48, 31, 42, 29, 3, 7, 77, 21, 83, 99, 53, 52, 78, 0], [0, 88, 40, 23, 46, 89, 0], [0, 90, 60, 41, 45, 24, 39, 0], [0, 97, 94, 16, 100, 74, 0], [0, 50, 51, 56, 44, 34, 32, 87, 84, 82, 86, 101, 71, 79, 0], [0, 4, 43, 38, 15, 19, 57, 5, 25, 6, 8, 91, 92, 95, 98, 2, 18, 17, 103, 72, 0], [0, 55, 63, 66, 64, 61, 80, 81, 10, 30, 49, 54, 105, 59, 0], [0, 68, 62, 65, 67, 85, 69, 73, 14, 93, 104, 106, 107, 0]]"
33,30,0,2210.2809399955413,1815.2863977953937,0,162.35178251176924,465.7110342979431,549,447,"{'two-opt': 0, 'three-opt': 289, 'two-opt-star': 260}","[[0, 44, 32, 34, 40, 45, 21, 20, 47, 22, 7, 3, 27, 30, 0], [0, 28, 33, 26, 29, 42, 9, 10, 11, 12, 13, 41, 23, 46, 24, 39, 0], [0, 36, 37, 1, 48, 2, 14, 18, 6, 0], [0, 35, 38, 15, 19, 16, 25, 0], [0, 5, 4, 43, 8, 17, 31, 0]]","[[0, 28, 33, 29, 17, 8, 15, 19, 25, 16, 24, 40, 23, 39, 0], [0, 36, 37, 1, 48, 2, 14, 9, 13, 12, 10, 11, 30, 41, 45, 46, 0], [0, 35, 38, 18, 31, 42, 26, 47, 21, 20, 22, 7, 27, 3, 4, 0], [0, 43, 6, 5, 44, 32, 34, 0]]"
34,30,30,2224.920983876402,2224.920983876402,0,176.27679118863665,228.38534379005432,357,0,"{'two-opt': 0, 'three-opt': 73, 'two-opt-star': 284}","[[0, 28, 33, 29, 17, 8, 15, 19, 25, 16, 24, 40, 23, 39, 0], [0, 36, 37, 1, 48, 2, 14, 9, 13, 12, 10, 11, 30, 41, 45, 46, 0], [0, 35, 38, 18, 31, 42, 26, 47, 21, 20, 22, 7, 27, 3, 4, 0], [0, 43, 6, 5, 44, 32, 34, 0], [0, 49, 50, 0]]","[[0, 28, 33, 29, 17, 8, 15, 19, 25, 16, 24, 40, 23, 39, 0], [0, 36, 37, 1, 48, 2, 14, 9, 13, 12, 10, 11, 30, 41, 45, 46, 0], [0, 35, 38, 18, 31, 42, 26, 47, 21, 20, 22, 7, 27, 3, 4, 0], [0, 43, 6, 5, 44, 32, 34, 0], [0, 49, 50, 0]]"
35,30,60,2258.4812878642797,2253.0859198812905,0,168.21869436196994,207.09944224357605,419,368,"{'two-opt': 0, 'three-opt': 165, 'two-opt-star': 254}","[[0, 28, 33, 29, 17, 8, 15, 19, 25, 16, 24, 40, 23, 39, 0], [0, 36, 37, 1, 48, 2, 14, 9, 13, 12, 10, 11, 30, 41, 45, 46, 0], [0, 35, 38, 18, 31, 42, 26, 47, 21, 20, 22, 7, 27, 3, 4, 0], [0, 43, 6, 5, 44, 32, 34, 0], [0, 49, 50, 54, 51, 53, 52, 0]]","[[0, 28, 33, 29, 17, 8, 15, 19, 16, 52, 51, 0], [0, 36, 37, 1, 48, 2, 14, 11, 9, 13, 12, 10, 53, 25, 0], [0, 35, 38, 18, 31, 42, 26, 47, 21, 20, 22, 7, 3, 27, 30, 54, 4, 0], [0, 43, 6, 5, 44, 32, 34, 0], [0, 49, 50, 40, 23, 46, 41, 45, 24, 39, 0]]"
36,30,90,3069.5301059323333,2271.9787810182343,11.712436983462801,190.0241426184815,1627.310735464096,602,581,"{'two-opt': 0, 'three-opt': 330, 'two-opt-star': 272}","[[0, 28, 33, 29, 17, 8, 15, 19, 16, 52, 51, 0], [0, 36, 37, 1, 48, 2, 14, 11, 9, 13, 12, 10, 53, 25, 0], [0, 35, 38, 18, 31, 42, 26, 47, 21, 20, 22, 7, 3, 27, 30, 54, 4, 0], [0, 43, 6, 5, 44, 32, 34, 0], [0, 49, 50, 40, 23, 46, 41, 45, 24, 39, 0], [0, 57, 0], [0, 55, 56, 0]]","[[0, 33, 15, 56, 0], [0, 36, 37, 1, 28, 26, 7, 3, 29, 42, 48, 2, 14, 18, 17, 8, 6, 25, 19, 16, 5, 0], [0, 35, 31, 38, 57, 4, 51, 30, 11, 27, 9, 12, 10, 13, 53, 0], [0, 43, 24, 44, 32, 40, 39, 52, 0], [0, 49, 50, 55, 34, 46, 45, 41, 23, 21, 47, 22, 20, 54, 0]]"
37,30,120,3561.3386861185445,3558.6608992726415,11.712436983462801,260.75714763240165,6874.600234746933,424,271,"{'two-opt': 0, 'three-opt': 121, 'two-opt-star': 303}","[[0, 36, 37, 1, 28, 26, 7, 3, 29, 42, 48, 2, 14, 18, 17, 8, 6, 25, 19, 16, 5, 0], [0, 35, 31, 38, 57, 4, 51, 30, 11, 27, 9, 12, 10, 13, 53, 0], [0, 43, 24, 44, 32, 40, 39, 52, 0], [0, 49, 50, 55, 34, 46, 45, 41, 23, 21, 47, 22, 20, 54, 0], [0, 63, 66, 64, 71, 0], [0, 58, 75, 76, 70, 72, 0], [0, 33, 15, 56, 61, 74, 0], [0, 68, 62, 65, 67, 69, 73, 59, 60, 0]]","[[0, 36, 37, 1, 28, 26, 7, 3, 29, 42, 48, 2, 14, 73, 18, 17, 8, 6, 16, 5, 0], [0, 35, 31, 38, 57, 4, 61, 27, 9, 11, 30, 51, 0], [0, 43, 24, 44, 32, 40, 39, 60, 52, 0], [0, 49, 50, 55, 34, 46, 45, 41, 23, 21, 47, 22, 54, 0], [0, 63, 66, 64, 71, 0], [0, 58, 76, 75, 20, 70, 13, 12, 10, 53, 72, 74, 0], [0, 33, 15, 56, 0], [0, 68, 62, 65, 69, 67, 19, 25, 59, 0]]"
38,30,150,3564.71674922345,3559.9989473589826,11.712436983462801,256.9825626418969,387.9479253292084,522,471,"{'two-opt': 0, 'three-opt': 170, 'two-opt-star': 352}","[[0, 36, 37, 1, 28, 26, 7, 3, 29, 42, 48, 2, 14, 73, 18, 17, 8, 6, 16, 5, 0], [0, 35, 31, 38, 57, 4, 61, 27, 9, 11, 30, 51, 0], [0, 43, 24, 44, 32, 40, 39, 60, 52, 0], [0, 49, 50, 55, 34, 46, 45, 41, 23, 21, 47, 22, 54, 0], [0, 63, 66, 64, 71, 0], [0, 58, 76, 75, 20, 70, 13, 12, 10, 53, 72, 74, 0], [0, 68, 62, 65, 69, 67, 19, 25, 59, 0], [0, 33, 15, 56, 77, 0]]","[[0, 36, 37, 1, 28, 26, 7, 3, 29, 42, 48, 2, 14, 73, 18, 17, 8, 6, 5, 0], [0, 35, 31, 38, 57, 4, 61, 51, 0], [0, 43, 24, 44, 32, 40, 39, 0], [0, 49, 50, 55, 34, 46, 45, 41, 23, 21, 47, 22, 54, 0], [0, 63, 66, 64, 71, 60, 0], [0, 58, 76, 75, 20, 77, 70, 27, 12, 10, 11, 30, 9, 13, 53, 0], [0, 68, 62, 65, 69, 67, 19, 16, 25, 59, 52, 72, 74, 0], [0, 33, 15, 56, 0]]"
39,30,180,3577.926226135337,3576.97965856006,11.712436983462801,261.1058611716169,288.65789103507996,369,318,"{'two-opt': 0, 'three-opt': 116, 'two-opt-star': 253}","[[0, 36, 37, 1, 28, 26, 7, 3, 29, 42, 48, 2, 14, 73, 18, 17, 8, 6, 5, 0], [0, 43, 24, 44, 32, 40, 39, 0], [0, 49, 50, 55, 34, 46, 45, 41, 23, 21, 47, 22, 54, 0], [0, 63, 66, 64, 71, 60, 0], [0, 58, 76, 75, 20, 77, 70, 27, 12, 10, 11, 30, 9, 13, 53, 0], [0, 68, 62, 65, 69, 67, 19, 16, 25, 59, 52, 72, 74, 0], [0, 33, 15, 56, 0], [0, 35, 31, 38, 57, 4, 61, 51, 78, 79, 0]]","[[0, 36, 37, 1, 28, 26, 7, 3, 29, 42, 48, 2, 14, 73, 18, 17, 8, 6, 5, 0], [0, 43, 24, 44, 32, 40, 39, 0], [0, 49, 50, 55, 34, 46, 45, 41, 23, 21, 47, 22, 54, 0], [0, 63, 66, 64, 71, 79, 78, 60, 0], [0, 58, 76, 75, 20, 77, 70, 27, 12, 11, 10, 30, 9, 13, 53, 0], [0, 68, 62, 65, 69, 67, 19, 16, 25, 59, 52, 72, 74, 0], [0, 33, 15, 56, 0], [0, 35, 31, 38, 57, 4, 61, 51, 0]]"
40,30,210,3603.1172488342936,3588.3445204503723,11.712436983462801,267.49489871997025,2112.6706988811493,515,496,"{'two-opt': 0, 'three-opt': 113, 'two-opt-star': 402}","[[0, 36, 37, 1, 28, 26, 7, 3, 29, 42, 48, 2, 14, 73, 18, 17, 8, 6, 5, 0], [0, 49, 50, 55, 34, 46, 45, 41, 23, 21, 47, 22, 54, 0], [0, 63, 66, 64, 71, 79, 78, 60, 0], [0, 58, 76, 75, 20, 77, 70, 27, 12, 11, 10, 30, 9, 13, 53, 0], [0, 68, 62, 65, 69, 67, 19, 16, 25, 59, 52, 72, 74, 0], [0, 35, 31, 38, 57, 4, 61, 51, 0], [0, 33, 15, 56, 81, 80, 0], [0, 43, 24, 44, 32, 40, 39, 82, 0]]","[[0, 36, 37, 1, 28, 26, 7, 3, 29, 42, 48, 2, 14, 73, 18, 17, 8, 6, 4, 5, 0], [0, 49, 50, 55, 34, 46, 45, 80, 81, 54, 60, 52, 0], [0, 63, 66, 64, 71, 79, 0], [0, 58, 76, 75, 47, 20, 77, 70, 27, 11, 12, 13, 9, 53, 72, 74, 0], [0, 68, 62, 65, 69, 67, 19, 16, 82, 78, 59, 0], [0, 35, 31, 38, 57, 25, 61, 0], [0, 33, 15, 56, 0], [0, 43, 24, 44, 32, 40, 41, 23, 21, 22, 10, 30, 51, 39, 0]]"
41,30,240,3634.9736508528617,3627.0390272787845,12.402709458991843,292.34294194034965,5672.750157117844,500,398,"{'two-opt': 0, 'three-opt': 103, 'two-opt-star': 397}","[[0, 36, 37, 1, 28, 26, 7, 3, 29, 42, 48, 2, 14, 73, 18, 17, 8, 6, 4, 5, 0], [0, 49, 50, 55, 34, 46, 45, 80, 81, 54, 60, 52, 0], [0, 58, 76, 75, 47, 20, 77, 70, 27, 11, 12, 13, 9, 53, 72, 74, 0], [0, 68, 62, 65, 69, 67, 19, 16, 82, 78, 59, 0], [0, 33, 15, 56, 0], [0, 43, 24, 44, 32, 40, 41, 23, 21, 22, 10, 30, 51, 39, 0], [0, 35, 31, 38, 57, 25, 61, 83, 85, 89, 88, 0], [0, 63, 66, 64, 71, 79, 84, 87, 86, 0]]","[[0, 36, 37, 1, 28, 26, 7, 3, 29, 42, 48, 2, 14, 73, 18, 6, 59, 0], [0, 49, 50, 55, 34, 46, 45, 80, 81, 54, 39, 8, 17, 4, 5, 0], [0, 58, 76, 75, 47, 20, 77, 70, 83, 27, 11, 12, 13, 9, 53, 72, 74, 0], [0, 68, 62, 65, 69, 67, 19, 16, 82, 0], [0, 33, 15, 56, 0], [0, 43, 10, 52, 24, 44, 32, 40, 41, 23, 21, 22, 30, 51, 0], [0, 35, 31, 38, 57, 25, 61, 60, 85, 89, 88, 0], [0, 63, 66, 64, 71, 79, 84, 87, 86, 78, 0]]"
42,30,270,3694.2013689236587,3686.231362862963,82.36504792629273,323.872902740479,6805.198874235153,462,411,"{'two-opt': 0, 'three-opt': 154, 'two-opt-star': 308}","[[0, 36, 37, 1, 28, 26, 7, 3, 29, 42, 48, 2, 14, 73, 18, 6, 59, 0], [0, 49, 50, 55, 34, 46, 45, 80, 81, 54, 39, 8, 17, 4, 5, 0], [0, 58, 76, 75, 47, 20, 77, 70, 83, 27, 11, 12, 13, 9, 53, 72, 74, 0], [0, 43, 10, 52, 24, 44, 32, 40, 41, 23, 21, 22, 30, 51, 0], [0, 35, 31, 38, 57, 25, 61, 60, 85, 89, 88, 0], [0, 63, 66, 64, 71, 79, 84, 87, 86, 78, 0], [0, 33, 15, 56, 91, 92, 95, 96, 98, 93, 0], [0, 68, 62, 65, 69, 67, 19, 16, 82, 94, 97, 90, 0]]","[[0, 36, 37, 1, 28, 26, 7, 91, 92, 95, 3, 53, 59, 0], [0, 49, 50, 55, 34, 46, 45, 80, 81, 54, 88, 39, 0], [0, 58, 76, 75, 47, 20, 77, 70, 96, 98, 2, 17, 0], [0, 43, 10, 52, 24, 44, 32, 40, 41, 23, 21, 22, 30, 51, 0], [0, 35, 31, 38, 57, 25, 61, 60, 85, 89, 0], [0, 63, 66, 64, 71, 79, 84, 82, 86, 87, 78, 0], [0, 33, 15, 56, 72, 6, 73, 18, 14, 48, 42, 29, 90, 83, 27, 9, 13, 12, 11, 0], [0, 68, 62, 65, 69, 67, 19, 94, 16, 97, 5, 4, 8, 93, 74, 0]]"
43,30,300,3712.1136300968883,3698.7923943665355,12.866882262477823,337.7884008468267,4337.750334739685,528,477,"{'two-opt': 0, 'three-opt': 121, 'two-opt-star': 407}","[[0, 36, 37, 1, 28, 26, 7, 91, 92, 95, 3, 53, 59, 0], [0, 49, 50, 55, 34, 46, 45, 80, 81, 54, 88, 39, 0], [0, 43, 10, 52, 24, 44, 32, 40, 41, 23, 21, 22, 30, 51, 0], [0, 63, 66, 64, 71, 79, 84, 82, 86, 87, 78, 0], [0, 33, 15, 56, 72, 6, 73, 18, 14, 48, 42, 29, 90, 83, 27, 9, 13, 12, 11, 0], [0, 68, 62, 65, 69, 67, 19, 94, 16, 97, 5, 4, 8, 93, 74, 0], [0, 58, 76, 75, 47, 20, 77, 70, 96, 98, 2, 17, 99, 0], [0, 35, 31, 38, 57, 25, 61, 60, 85, 89, 100, 101, 0]]","[[0, 36, 37, 1, 28, 26, 53, 7, 91, 92, 95, 83, 27, 25, 59, 0], [0, 49, 50, 55, 34, 46, 45, 80, 81, 54, 39, 88, 0], [0, 43, 10, 52, 44, 32, 40, 41, 23, 21, 22, 30, 51, 0], [0, 63, 66, 64, 71, 79, 84, 82, 87, 86, 100, 0], [0, 33, 15, 56, 12, 11, 72, 73, 18, 14, 48, 42, 29, 96, 90, 13, 74, 6, 5, 0], [0, 68, 62, 65, 69, 67, 19, 94, 16, 78, 97, 101, 0], [0, 58, 76, 75, 47, 20, 77, 70, 3, 99, 98, 2, 17, 8, 93, 4, 0], [0, 35, 31, 38, 57, 61, 9, 60, 85, 24, 89, 0]]"
44,30,330,3708.5295911883914,3707.293427335118,12.866882262477823,345.63376811603393,159.42638063430786,421,233,"{'two-opt': 0, 'three-opt': 99, 'two-opt-star': 322}","[[0, 36, 37, 1, 28, 26, 53, 7, 91, 92, 95, 83, 27, 25, 59, 0], [0, 49, 50, 55, 34, 46, 45, 80, 81, 54, 39, 88, 0], [0, 43, 10, 52, 44, 32, 40, 41, 23, 21, 22, 30, 51, 0], [0, 63, 66, 64, 71, 79, 84, 82, 87, 86, 100, 0], [0, 33, 15, 56, 12, 11, 72, 73, 18, 14, 48, 42, 29, 96, 90, 13, 74, 6, 5, 0], [0, 68, 62, 65, 69, 67, 19, 94, 16, 78, 97, 101, 0], [0, 58, 76, 75, 47, 20, 77, 70, 3, 99, 98, 2, 17, 8, 93, 4, 0], [0, 35, 31, 38, 57, 61, 9, 60, 85, 24, 89, 102, 103, 0]]","[[0, 36, 37, 1, 28, 26, 53, 7, 91, 92, 95, 83, 30, 51, 97, 0], [0, 49, 50, 55, 34, 46, 45, 80, 81, 54, 88, 39, 0], [0, 43, 10, 52, 44, 32, 40, 41, 23, 21, 22, 27, 103, 4, 6, 25, 0], [0, 63, 66, 64, 71, 79, 84, 82, 87, 86, 100, 0], [0, 33, 15, 56, 12, 11, 72, 73, 18, 14, 48, 42, 29, 96, 90, 13, 74, 5, 0], [0, 68, 62, 65, 69, 67, 19, 94, 16, 78, 101, 0], [0, 58, 76, 75, 47, 20, 77, 70, 3, 99, 98, 2, 102, 17, 8, 93, 0], [0, 35, 31, 38, 57, 61, 9, 60, 85, 24, 89, 59, 0]]"
45,30,360,4114.317176148224,3722.2825637513824,12.866882262477823,383.96788311476405,342.62198758125305,481,247,"{'two-opt': 0, 'three-opt': 3, 'two-opt-star': 478}","[[0, 36, 37, 1, 28, 26, 53, 7, 91, 92, 95, 83, 30, 51, 97, 0], [0, 49, 50, 55, 34, 46, 45, 80, 81, 54, 88, 39, 0], [0, 43, 10, 52, 44, 32, 40, 41, 23, 21, 22, 27, 103, 4, 6, 25, 0], [0, 63, 66, 64, 71, 79, 84, 82, 87, 86, 100, 0], [0, 33, 15, 56, 12, 11, 72, 73, 18, 14, 48, 42, 29, 96, 90, 13, 74, 5, 0], [0, 68, 62, 65, 69, 67, 19, 94, 16, 78, 101, 0], [0, 58, 76, 75, 47, 20, 77, 70, 3, 99, 98, 2, 102, 17, 8, 93, 0], [0, 35, 31, 38, 57, 61, 9, 60, 85, 24, 89, 59, 0], [0, 104, 0]]","[[0, 36, 37, 1, 28, 26, 53, 7, 91, 92, 95, 30, 51, 25, 97, 0], [0, 49, 50, 55, 34, 46, 45, 80, 81, 54, 88, 39, 0], [0, 43, 10, 52, 44, 32, 40, 41, 23, 21, 22, 104, 27, 13, 0], [0, 63, 66, 64, 71, 82, 87, 84, 59, 86, 100, 103, 8, 6, 0], [0, 33, 15, 56, 12, 11, 72, 73, 18, 14, 48, 42, 29, 96, 5, 101, 79, 0], [0, 68, 62, 65, 69, 67, 19, 94, 16, 78, 83, 102, 0], [0, 58, 76, 75, 47, 20, 77, 70, 3, 99, 98, 0], [0, 35, 31, 38, 57, 61, 9, 60, 85, 24, 90, 89, 74, 93, 2, 17, 4, 0]]"
46,30,390,3725.067336855224,3711.9219324611945,12.866882262477823,341.6625429976657,7470.599052667618,545,515,"{'two-opt': 0, 'three-opt': 56, 'two-opt-star': 489}","[[0, 36, 37, 1, 28, 26, 53, 7, 91, 92, 95, 30, 51, 25, 97, 0], [0, 43, 10, 52, 44, 32, 40, 41, 23, 21, 22, 104, 27, 13, 0], [0, 63, 66, 64, 71, 82, 87, 84, 59, 86, 100, 103, 8, 6, 0], [0, 33, 15, 56, 12, 11, 72, 73, 18, 14, 48, 42, 29, 96, 5, 101, 79, 0], [0, 68, 62, 65, 69, 67, 19, 94, 16, 78, 83, 102, 0], [0, 58, 76, 75, 47, 20, 77, 70, 3, 99, 98, 0], [0, 35, 31, 38, 57, 61, 9, 60, 85, 24, 90, 89, 74, 93, 2, 17, 4, 0], [0, 49, 50, 55, 34, 46, 45, 80, 81, 54, 88, 39, 105, 0]]","[[0, 36, 37, 1, 28, 26, 53, 7, 91, 92, 95, 27, 8, 93, 17, 6, 5, 0], [0, 43, 10, 52, 44, 32, 40, 41, 23, 21, 22, 104, 30, 0], [0, 63, 66, 64, 71, 82, 87, 84, 86, 78, 101, 79, 0], [0, 33, 15, 56, 12, 11, 72, 73, 18, 14, 48, 42, 29, 96, 102, 98, 2, 0], [0, 68, 62, 65, 69, 67, 19, 94, 16, 100, 59, 39, 0], [0, 58, 47, 76, 75, 20, 77, 70, 3, 99, 51, 0], [0, 35, 31, 38, 57, 61, 9, 60, 85, 24, 89, 90, 103, 74, 4, 25, 0], [0, 49, 50, 55, 34, 46, 45, 80, 81, 13, 83, 54, 88, 105, 97, 0]]"
47,30,420,3727.3579806664047,3725.7655961366686,12.866882262477823,365.3793756570577,71.28490233421326,414,337,"{'two-opt': 0, 'three-opt': 22, 'two-opt-star': 392}","[[0, 36, 37, 1, 28, 26, 53, 7, 91, 92, 95, 27, 8, 93, 17, 6, 5, 0], [0, 43, 10, 52, 44, 32, 40, 41, 23, 21, 22, 104, 30, 0], [0, 63, 66, 64, 71, 82, 87, 84, 86, 78, 101, 79, 0], [0, 33, 15, 56, 12, 11, 72, 73, 18, 14, 48, 42, 29, 96, 102, 98, 2, 0], [0, 68, 62, 65, 69, 67, 19, 94, 16, 100, 59, 39, 0], [0, 35, 31, 38, 57, 61, 9, 60, 85, 24, 89, 90, 103, 74, 4, 25, 0], [0, 49, 50, 55, 34, 46, 45, 80, 81, 13, 83, 54, 88, 105, 97, 0], [0, 58, 47, 76, 75, 20, 77, 70, 3, 99, 51, 106, 107, 0]]","[[0, 36, 37, 1, 28, 26, 53, 7, 91, 92, 95, 27, 17, 8, 6, 59, 0], [0, 43, 10, 52, 44, 32, 40, 41, 23, 21, 22, 104, 30, 0], [0, 63, 66, 64, 71, 82, 86, 87, 84, 78, 101, 0], [0, 33, 15, 56, 12, 11, 72, 73, 18, 14, 48, 42, 29, 96, 102, 98, 2, 0], [0, 68, 62, 65, 69, 67, 19, 94, 16, 100, 79, 39, 0], [0, 35, 31, 38, 57, 61, 9, 60, 85, 24, 89, 90, 103, 74, 93, 4, 5, 0], [0, 49, 50, 55, 34, 46, 45, 80, 81, 13, 83, 54, 88, 105, 97, 0], [0, 58, 47, 76, 75, 20, 77, 70, 3, 99, 51, 25, 106, 107, 0]]"
48,30,450,3725.7655961366686,3725.4815425995844,12.866882262477823,364.98236448731814,28.93738102912903,364,160,"{'two-opt': 0, 'three-opt': 20, 'two-opt-star': 344}","[[0, 36, 37, 1, 28, 26, 53, 7, 91, 92, 95, 27, 17, 8, 6, 59, 0], [0, 43, 10, 52, 44, 32, 40, 41, 23, 21, 22, 104, 30, 0], [0, 63, 66, 64, 71, 82, 86, 87, 84, 78, 101, 0], [0, 33, 15, 56, 12, 11, 72, 73, 18, 14, 48, 42, 29, 96, 102, 98, 2, 0], [0, 68, 62, 65, 69, 67, 19, 94, 16, 100, 79, 39, 0], [0, 35, 31, 38, 57, 61, 9, 60, 85, 24, 89, 90, 103, 74, 93, 4, 5, 0], [0, 49, 50, 55, 34, 46, 45, 80, 81, 13, 83, 54, 88, 105, 97, 0], [0, 58, 47, 76, 75, 20, 77, 70, 3, 99, 51, 25, 106, 107, 0]]","[[0, 36, 37, 1, 28, 26, 53, 7, 91, 92, 95, 27, 17, 6, 59, 0], [0, 43, 10, 52, 44, 32, 40, 41, 23, 21, 22, 104, 30, 0], [0, 63, 66, 64, 71, 82, 86, 87, 84, 78, 101, 0], [0, 33, 15, 56, 12, 11, 72, 73, 18, 14, 48, 42, 29, 96, 102, 98, 2, 0], [0, 68, 62, 65, 69, 67, 19, 94, 16, 100, 79, 39, 0], [0, 35, 31, 38, 57, 61, 9, 60, 85, 24, 89, 90, 103, 74, 8, 93, 4, 5, 0], [0, 49, 50, 55, 34, 46, 45, 80, 81, 13, 83, 54, 88, 105, 97, 0], [0, 58, 47, 76, 75, 20, 77, 70, 3, 99, 51, 25, 106, 107, 0]]"
49,30,480,3725.4815425995844,3725.4815425995844,12.866882262477823,364.98236448731814,37.07028079032898,357,0,"{'two-opt': 0, 'three-opt': 10, 'two-opt-star': 347}","[[0, 36, 37, 1, 28, 26, 53, 7, 91, 92, 95, 27, 17, 6, 59, 0], [0, 43, 10, 52, 44, 32, 40, 41, 23, 21, 22, 104, 30, 0], [0, 63, 66, 64, 71, 82, 86, 87, 84, 78, 101, 0], [0, 33, 15, 56, 12, 11, 72, 73, 18, 14, 48, 42, 29, 96, 102, 98, 2, 0], [0, 68, 62, 65, 69, 67, 19, 94, 16, 100, 79, 39, 0], [0, 35, 31, 38, 57, 61, 9, 60, 85, 24, 89, 90, 103, 74, 8, 93, 4, 5, 0], [0, 49, 50, 55, 34, 46, 45, 80, 81, 13, 83, 54, 88, 105, 97, 0], [0, 58, 47, 76, 75, 20, 77, 70, 3, 99, 51, 25, 106, 107, 0]]","[[0, 36, 37, 1, 28, 26, 53, 7, 91, 92, 95, 27, 17, 6, 59, 0], [0, 43, 10, 52, 44, 32, 40, 41, 23, 21, 22, 104, 30, 0], [0, 63, 66, 64, 71, 82, 86, 87, 84, 78, 101, 0], [0, 33, 15, 56, 12, 11, 72, 73, 18, 14, 48, 42, 29, 96, 102, 98, 2, 0], [0, 68, 62, 65, 69, 67, 19, 94, 16, 100, 79, 39, 0], [0, 35, 31, 38, 57, 61, 9, 60, 85, 24, 89, 90, 103, 74, 8, 93, 4, 5, 0], [0, 49, 50, 55, 34, 46, 45, 80, 81, 13, 83, 54, 88, 105, 97, 0], [0, 58, 47, 76, 75, 20, 77, 70, 3, 99, 51, 25, 106, 107, 0]]"
