#,latitude,longitude
1,52.529019,13.33173
2,52.505337,13.607021
3,52.581369,13.411936
4,52.58981,13.394456
5,52.513246,13.266231
6,52.541685,13.411285
7,52.563734,13.329722
8,52.471428,13.33612
9,52.569566,13.313786
10,52.496249,13.46754
11,52.444851,13.268642
12,52.47361,13.290291
13,52.569566,13.313786
14,52.410062,13.305055
15,52.442574,13.302274
16,52.431326,13.523673
17,52.53986,13.407190000000014
18,52.464909,13.347146
19,52.509659,13.363325
20,52.513033354908224,13.289007754631026
21,52.527273,13.449363
22,52.536428,13.406615
23,52.496249,13.46754
24,52.43845,13.214932
25,52.433941,13.191778
26,52.464909,13.347146
27,52.553752,13.408519
28,52.535886,13.273956
29,52.471535,13.333625
30,52.508006,13.30175
31,52.524128,13.332421
32,52.577487,13.295097
33,52.533272,13.195482
34,52.479939,13.323843
35,52.5078,13.48607000000004
36,52.475275806028776,13.35953470478512
37,52.44014,13.386994
38,52.5519584,13.41371270000002
39,52.524128,13.332421
40,52.48132,13.32972
41,52.531127,13.382746
42,52.573492,13.410319
43,52.501842,13.370846
44,52.484123067321896,13.342810918524153
45,52.511975,13.474964
46,52.46494999999999,13.442440000000031
47,52.5186776,13.286802299999977
48,52.482173,13.440737
49,52.482173,13.440737
50,52.549619,13.388672
51,52.513246,13.266231
52,52.505337,13.607021
53,52.479939,13.323843
54,52.506822,13.306286
55,52.548538,13.412197
56,52.481835,13.356632
57,52.482149,13.440846
58,52.540164,13.371425
59,52.481835,13.356632
60,52.538372,13.417905
61,52.444851,13.268642
62,52.501788,13.370754499999975
63,52.443403,13.280166
64,52.48041,13.38501
65,52.480745,13.354255
66,52.440122,13.316541
67,52.455367,13.4481
68,52.546207,13.369095
69,52.53194,13.425677
70,52.524839,13.386562
71,52.531326,13.387
72,52.531326,13.387
73,52.525456,13.398315
74,52.525456,13.398315
75,52.524839,13.386562
76,52.504875,13.399491
77,52.479959,13.323902
78,52.494967,13.336286
79,52.514238,13.476374
80,52.45163,13.583498
81,52.456387,13.376778
82,52.393833,13.393583
83,52.507268,13.466975
84,52.51727,13.18696
85,52.522056,13.198469
86,52.508218,13.414446
87,52.519615,13.385222
88,52.558692,13.412595
89,52.548972,13.455833
90,52.558692,13.412595
91,52.485901,13.394098
92,52.529019,13.33173
93,52.521042,13.327993
94,52.546682,13.412488
95,52.542246,13.543413
96,52.49171379401486,13.349175042991662
97,52.475252,13.359555
98,52.514238,13.476374
99,52.48521179999999,13.384137799999962
100,52.4788765,13.323781899999972
101,52.42719,13.313300000000028
102,52.491206,13.324974
103,52.431106,13.195084
104,52.440122,13.316541
105,52.54602,13.22525
106,52.457103,13.578466
107,52.531127,13.382746
108,52.531127,13.382746
109,52.48041,13.38501
110,52.513191,13.281518
111,52.503442,13.30371
112,52.61152726,13.48342717
113,52.506772,13.34816
114,52.54701,13.43832999999995
115,52.433627,13.267655
116,52.515197,13.38431
117,52.444142,13.379501
118,52.482312,13.357277
119,52.588954,13.429102
120,52.453059,13.315737
121,52.523604,13.334078
122,52.538992,13.498442
123,52.517603,13.290254
124,52.43051,13.533295
125,52.5817846,13.411469799999963
126,52.5130694,13.448234299999967
127,52.5688162,13.499263700000029
128,52.5537873,13.40836330000002
129,52.4715,13.307549999999992
130,52.544444,13.519722
131,52.428919,13.538495
132,52.463234,13.434451
133,52.491327,13.326757
134,52.491327,13.326757
135,52.577487,13.295097
136,52.489843,13.381119
137,52.455905,13.382739
138,52.475632,13.316494
139,52.5326199,13.341012699999965
140,52.501585,13.335301
141,52.5107841854474,13.323057695770313
142,52.5000201,13.272969999999988
143,52.5065192,13.34632929999998
144,52.514315103119365,13.309598981475798
145,52.464994,13.442555
146,52.464994,13.442555
147,52.503742,13.352832
148,52.61523,13.48597
149,52.425646,13.574837
150,52.471428,13.33612
151,52.47574,13.3642
152,52.549619,13.388672
153,52.539697,13.406896
154,52.606974,13.425336
155,52.510594,13.322963
156,52.4948,13.398243
157,52.493145,13.305254
158,52.493145,13.305254
159,52.444145,13.379671
160,52.489075,13.392945
161,52.577487,13.295097
162,52.502277,13.271854
163,52.434953,13.33813
164,52.554993,13.340873
165,52.50277,13.31305999999995
166,52.4713807,13.33606610000004
167,52.4513,13.583239999999932
168,52.4814757729389,13.3562450317382
169,52.514238,13.476374
170,52.514238,13.476374
171,52.514238,13.476374
172,52.514238,13.476374
173,52.514238,13.476374
174,52.560013,13.466124
175,52.506772,13.34816
176,52.428628,13.529646
177,52.577487,13.295097
178,52.577487,13.295097
179,52.514612,13.463083
180,52.454693,13.42984
181,52.485832,13.433537
182,52.40923,13.368446
183,52.573492,13.410319
184,52.4948,13.398243
185,52.463368,13.326477
186,52.463368,13.326477
187,52.516271,13.337265
188,52.50918480000001,13.282923600000004
189,52.528486,13.412186
190,52.533674,13.432955
191,52.50427,13.409668
192,52.50546,13.60716
193,52.50546,13.60716
194,52.50546,13.60716
195,52.506232,13.426218
196,52.533674,13.432955
197,52.506772,13.34816
198,52.508218,13.414446
199,52.47574,13.3642
200,52.577487,13.295097
201,52.577487,13.295097
202,52.480745,13.354255
203,52.529458,13.457981
204,52.529458,13.457981
205,52.483452,13.428816
206,52.503511,13.32933
207,52.515006,13.313218
208,52.454924,13.338665
209,52.543095,13.417451099999994
210,52.497882,13.324107700000011
211,52.47404,13.45463
212,52.49445,13.398159999999962
213,52.474857414347994,13.427920203704828
214,52.52118,13.300250000000004
215,52.56625174291192,13.406013738098194
216,52.494508,13.323633900000004
217,52.549619,13.388672
218,52.51930803384439,13.274593526458716
219,52.484282,13.294078
220,52.516271,13.337265
221,52.502519,13.432597
222,52.510247,13.329894
223,52.510247,13.329894
224,52.518608,13.387711
225,52.543283,13.417228
226,52.494823,13.349851
227,52.497774,13.448166
228,52.501687,13.305567
229,52.501809,13.4779
230,52.499244,13.366073
231,52.525864,13.301082
232,52.5103728,13.46511
233,52.455277,13.317566
234,52.500152,13.273421
235,52.467513,13.490609
236,52.525864,13.301082
237,52.489843,13.381119
238,52.531127,13.382746
239,52.509995,13.375706
240,52.536428,13.406615
241,52.5622491,13.4636797
242,52.50041,13.407904
243,52.457948,13.526734
244,52.5622491,13.4636797
245,52.50041,13.407904
246,52.5622491,13.4636797
247,52.510481,13.296954
248,52.50723,13.48688
249,52.51017,13.49059
250,52.491661,13.315319
251,52.504825,13.496068
252,52.491855,13.52497
253,52.56221,13.40947
254,52.537276,13.505635
255,52.569229,13.498827
256,52.500152,13.273421
257,52.4703547064259,13.3724066970283
258,52.557914,13.218403
259,52.510907,13.378211
260,52.4912317,13.3610584
261,52.42984790914194,13.326666296958935
262,52.49874,13.50216
263,52.5026611,13.43262649999997
264,52.54761,13.18358
265,52.51897,13.390248
266,52.506539,13.322375
267,52.502977,13.481084
268,52.518608,13.387711
269,52.502863986597234,13.339000940322876
270,52.50273989977631,13.32539677619934
271,52.457084,13.527964
272,52.511309,13.396763
273,52.464786,13.367182
274,52.440678,13.459449
275,52.46713,13.327451
276,52.46507,13.32109
277,52.46847649999999,13.375532300000032
278,52.530867,13.39438
279,52.591615,13.292612
280,52.5005170182969,13.4371169197636
281,52.54893999999999,13.455629999999928
282,52.45242,13.38490999999999
283,52.49350476226754,13.41361139881132
284,52.50819000000001,13.301539999999932
285,52.47166,13.320837
286,52.5337,13.414964
287,52.533429,13.162836
288,52.509991,13.289279
289,52.4968,13.35223
290,52.581369,13.411936
291,52.506772,13.34816
292,52.47974,13.43987
293,52.510594,13.322963
294,52.611425,13.241076
295,52.457948,13.526734
296,52.457948,13.526734
297,52.534182,13.192741
298,52.555667,13.198333
299,52.550148,13.433568
300,52.527273,13.449363
301,52.49595,13.468947
302,52.512212,13.393597
303,52.525441,13.323449
304,52.5494995,13.3872381
305,52.548381,13.501168
306,52.51305,13.448263
307,52.494299,13.30161
308,52.438486,13.262563
309,52.438486,13.262563
310,52.431106,13.195084
311,52.529385,13.13987
312,52.478517,13.363929
313,52.453059,13.315737
314,52.50715,13.555783
315,52.50715,13.555783
316,52.532236,13.431412
317,52.52723,13.449398
318,52.540594,13.574313
319,52.512776,13.416401
320,52.538151,13.217505
321,52.535955,13.368842
322,52.501532,13.345728
323,52.472172,13.308104
324,52.421136,13.41414
325,52.554946,13.361305
326,52.498568,13.419909
327,52.493416,13.457648
328,52.503995,13.3682477
329,52.503995,13.3682477
330,52.531127,13.382746
331,52.487552,13.455848
332,52.561813,13.394848
333,52.47974,13.43987
334,52.507014,13.46902
335,52.48485,13.456928
336,52.541945,13.570834
337,52.543269,13.347789
338,52.555641,13.431897
339,52.509718,13.42347
340,52.489938,13.424433
341,52.5274696350098,13.4579944610596
342,52.519446,13.272981
343,52.53955,13.356310000000008
344,52.533272,13.195482
345,52.502078,13.296396
346,52.512969,13.390118
347,52.52122,13.300289
348,52.509991,13.289279
349,52.525456,13.398315
350,52.525456,13.398315
351,52.51962777294849,13.269454780426036
352,52.428939,13.538495
353,52.557421,13.218402
354,52.549679,13.387952
355,52.549679,13.387952
356,52.50064,13.336498
357,52.495127,13.383722
358,52.549679,13.387952
359,52.517603,13.290254
360,52.549679,13.387952
361,52.549679,13.387952
362,52.549679,13.387952
363,52.549679,13.387952
364,52.501809,13.4779
365,52.48853,13.359963
366,52.504875,13.399491
367,52.508006,13.30175
368,52.519254,13.27461
369,52.509718,13.42347
370,52.525864,13.301082
371,52.580718,13.400588
372,52.489938,13.424433
373,52.5905334976557,13.2813710141209
374,52.56623,13.405779
375,52.51305,13.448263
376,52.539011,13.199348
377,52.535618,13.431859
378,52.501532,13.345728
379,52.467513,13.490609
380,52.514238,13.476374
381,52.40923,13.368446
382,52.514238,13.476374
383,52.514238,13.476374
384,52.457948,13.526734
385,52.509573,13.393978
386,52.5211,13.401714
387,52.529458,13.457981
388,52.549679,13.387952
389,52.523041,13.480103
390,52.51,13.28
391,52.527273,13.449363
392,52.549679,13.387952
393,52.549679,13.387952
394,52.505337,13.607021
395,52.479959,13.323902
396,52.536447,13.390538
397,52.50041,13.407904
398,52.432093,13.325502
399,52.49322,13.37986
400,52.553838,13.448373
401,52.482535,13.346442
402,52.54602,13.22525
403,52.479501,13.445771
404,52.479501,13.445771
405,52.484282,13.294078
406,52.45587,13.382651
407,52.515197,13.38431
408,52.531038,13.283509
409,52.51085187787503,13.379071665606729
410,52.551304,13.340696
411,52.502519,13.432597
412,52.48766,13.30269
413,52.442574,13.302274
414,52.500152,13.273421
415,52.496901,13.287951
416,52.496901,13.287951
417,52.524128,13.448454
418,52.490197,13.419889
419,52.474377,13.454383
420,52.500008,13.407592
421,52.498498,13.465531
422,52.500008,13.407592
423,52.53194,13.425677
424,52.475269,13.359574
425,52.511975,13.474964
426,52.510341,13.309893
427,52.53906,13.348699
428,52.517207,13.304447
429,52.47574,13.3642
430,52.500134,13.349617
431,52.500352,13.458532
432,52.510341,13.309893
433,52.544174,13.415361
434,52.459663,13.384968
435,52.391175,13.39542
436,52.491855,13.52497
437,52.561813,13.394848
438,52.530044,13.362396
439,52.477016,13.328323
440,52.452364,13.422523
441,52.547218,13.420486
442,52.5495,13.387238
443,52.5337,13.414964
444,52.43845,13.214932
445,52.5337,13.414964
446,52.430558,13.455741
447,52.422128,13.393714
448,52.475632,13.316494
449,52.52984943892034,13.376976642466715
450,52.454924,13.338665
451,52.53384,13.414809999999989
452,52.526111,13.32721
453,52.534455,13.347028
454,52.49468,13.36024999999995
455,52.443544,13.431949
456,52.463234,13.434451
457,52.443544,13.431949
458,52.5495,13.387238
459,52.390444,13.395667
460,52.454924,13.338665
461,52.513886,13.390051
462,52.54010032179525,13.204761743545532
463,52.505073,13.343569
464,52.554993,13.340873
465,52.51286,13.416433
466,52.530044,13.362396
467,52.51994,13.356562
468,52.549619,13.388672
469,52.5211,13.401714
470,52.508218,13.414446
471,52.534182,13.192741
472,52.545027,13.391727
473,52.51994,13.356562
474,52.50510999999999,13.381920000000036
475,52.532236,13.431412
476,52.4968,13.35223
477,52.500134,13.349617
478,52.50715,13.555783
479,52.506232,13.426218
480,52.480171,13.475576
481,52.548972,13.455833
482,52.52809999999999,13.391290000000026
483,52.510496,13.465006
484,52.536447,13.390538
485,52.51814419999999,13.169874499999992
486,52.523041,13.480103
487,52.555641,13.431897
488,52.546602,13.345153
489,52.535549,13.300126
490,52.53906,13.348699
491,52.437305,13.261859
492,52.427222,13.5275
493,52.529125,13.395841
494,52.588954,13.429102
495,52.444142,13.379501
496,52.54862,13.466306
497,52.450747,13.322213
498,52.529125,13.395841
499,52.538992,13.498442
500,52.54862,13.466306
501,52.485901,13.394098
502,52.504825,13.496068
503,52.503442,13.30371
504,52.577336,13.293621
505,52.494823,13.349851
506,52.5622491,13.4636797
507,52.546682,13.412488
508,52.547218,13.420486
509,52.47974,13.43987
510,52.533429,13.162836
511,52.501334,13.388511
512,52.54973442642364,13.391491071441708
513,52.491814,13.315132
514,52.517413703432325,13.343558542327871
515,52.442567,13.239799
516,52.541949,13.501556
517,52.519254,13.27461
518,52.524127,13.349306
519,52.4244610543284,13.5132967043686
520,52.5335881,13.442431899999974
521,52.5104342,13.33073360000003
522,52.535588938172566,13.431929842327914
523,52.499244,13.366073
524,52.450747,13.322213
525,52.527273,13.449363
526,52.443403,13.280166
527,52.528091,13.391272
528,52.485822,13.337844
529,52.534702,13.397123
530,52.591615,13.292612
531,52.543283,13.417228
532,52.513068,13.288812
533,52.515183,13.450787
534,52.454693,13.42984
535,52.505603,13.513615
536,52.494967,13.336286
537,52.529717,13.341245
538,52.529717,13.341245
539,52.428919,13.538495
540,52.52725,13.44938
541,52.580718,13.400588
542,52.494967,13.336286
543,52.472172,13.308104
544,52.4854971,13.361213799999971
545,52.485822,13.337844
546,52.391175,13.39542
547,52.554946,13.361305
548,52.491308,13.326741
549,52.517415,13.187022
550,52.517415,13.187022
551,52.509995,13.375706
552,52.534702,13.397123
553,52.433627,13.267655
554,52.508619,13.423747
555,52.529167,13.364369
556,52.52725,13.44938
557,52.502078,13.296396
558,52.478824,13.323897
559,52.425428,13.366102
560,52.538372,13.417905
561,52.535549,13.300126
562,52.553598,13.543103
563,52.50427,13.409668
564,52.488831,13.343806
565,52.488831,13.343806
566,52.553838,13.448373
567,52.525441,13.323449
568,52.5260217,13.327156800000012
569,52.51,13.28
570,52.577336,13.293621
571,52.577336,13.293621
572,52.456387,13.376778
573,52.553752,13.408519
574,52.526615,13.216901
575,52.548538,13.412197
576,52.530883,13.461713
577,52.52723,13.449398
578,52.482149,13.440846
579,52.502277,13.271854
580,52.506311,13.394584
581,52.430772,13.269067
582,52.606974,13.425336
583,52.430772,13.269067
584,52.494299,13.30161
585,52.457472,13.449363
586,52.491206,13.324974
587,52.519615,13.385222
588,52.48853,13.359963
589,52.499822,13.394909
590,52.501687,13.305567
591,52.549619,13.388672
592,52.508218,13.414446
593,52.485832,13.433537
594,52.539697,13.406896
595,52.507268,13.466975
596,52.519254,13.27461
597,52.5211,13.401714
598,52.51286,13.416433
599,52.412375,13.348558
600,52.545027,13.391727
601,52.536428,13.406615
602,52.560013,13.466124
603,52.588954,13.429102
604,52.513191,13.281518
605,52.52122,13.300289
606,52.4851581,13.4581075999999
607,52.50139,13.34580010000002
608,52.47503464995098,13.385537695770266
609,52.617612,13.488812
610,52.512969,13.390118
611,52.580718,13.400588
612,52.51943010000001,13.38557620000006
613,52.5152901,13.3843899
614,52.5140536,13.390045399999964
615,52.510481,13.296954
616,52.530867,13.39438
617,52.507096,13.285287
618,52.507096,13.285287
619,52.501585,13.335301
620,52.5093454,13.5645479
621,52.482535,13.346442
622,52.495371,13.308887
623,52.495371,13.308887
624,52.51286,13.416433
625,52.532441,13.341048
626,52.493241,13.330154
627,52.4718,13.32092
628,52.544716,13.498685
629,52.544716,13.498685
630,52.491814,13.315132
631,52.5376051,13.505170499999965
632,52.524438232115585,13.412951344982966
633,52.457986,13.291687
634,52.457472,13.449363
635,52.534426,13.51782
636,52.534426,13.51782
637,52.540164,13.371425
638,52.512776,13.416401
639,52.53470369090075,13.397081720237772
640,52.6114355,13.24096910000003
641,52.478351,13.426914
642,52.457948,13.526734
643,52.439107,13.368401
644,52.50723,13.48688
645,52.53428237601141,13.370296976721194
646,52.506311,13.394584
647,52.503548,13.352723
648,52.503548,13.352723
649,52.478351,13.426914
650,52.4570112,13.578871299999946
651,52.49699,13.38874999999996
652,52.48239,13.345710000000054
653,52.52723,13.449398
654,52.4949216,13.349985800000011
655,52.4968421064325,13.2880711555481
656,52.442567,13.239799
657,52.534455,13.347028
658,52.475269,13.359574
659,52.390444,13.395667
660,52.532441,13.341048
661,52.4789798,13.436440800000014
662,52.485092,13.383965
663,52.52723,13.449398
664,52.512212,13.393597
665,52.499225,13.301795
666,52.499225,13.301795
667,52.45652,13.376719999999978
668,52.498574684915354,13.3595153619019
669,52.510907,13.378211
670,52.615188,13.486303
671,52.408941,13.370285
672,52.408941,13.370285
673,52.51286,13.416433
674,52.4939999,13.4229311
675,52.4980272301851,13.4293819828033
676,52.4953449474467,13.3089718281028
677,52.518224,13.16963
678,52.544174,13.415361
679,52.498081,13.42939
680,52.524128,13.448454
681,52.487809,13.302828
682,52.487809,13.302828
683,52.491814,13.315132
684,52.523375,13.288693
685,52.503763,13.371376
686,52.503763,13.371376
687,52.4912317,13.3610584
688,52.480731,13.354212
689,52.491814,13.315132
690,52.50715,13.555783
691,52.504762,13.380887
692,52.512776,13.416401
693,52.522056,13.198469
694,52.393833,13.393583
695,52.519615,13.385222
696,52.480171,13.475576
697,52.485901,13.394098
698,52.457986,13.291687
699,52.4948,13.398243
700,52.477634,13.282364
701,52.501687,13.305567
702,52.519615,13.385222
703,52.555434,13.566658
704,52.555434,13.566658
705,52.504154490073354,13.353082507934593
706,52.46387129164852,13.40454045443117
707,52.483452,13.428816
708,52.508218,13.414446
709,52.51005,13.286372
710,52.528091,13.391272
711,52.489075,13.392945
712,52.61152726,13.48342717
713,52.61152726,13.48342717
714,52.527273,13.449363
715,52.483452,13.428816
716,52.580718,13.400588
717,52.49985,13.39489
718,52.485092,13.383965
719,52.444147,13.37958
720,52.482312,13.357277
721,52.533429,13.162836
722,52.533429,13.162836
723,52.49985,13.39489
724,52.510113,13.403225
725,52.515169,13.450882
726,52.515169,13.450882
727,52.583749,13.283545
728,52.509995,13.375706
729,52.502907,13.32907
730,52.502907,13.32907
731,52.4948,13.398243
732,52.552103,13.413783
733,52.501334,13.388511
734,52.5382371284041,13.413585846549491
735,52.536687,13.264151
736,52.514612,13.463083
737,52.525864,13.301082
738,52.493479,13.445084
739,52.491661,13.315319
740,52.478894,13.436308
741,52.478894,13.436308
742,52.485901,13.394098
743,52.510496,13.465006
744,52.555434,13.566658
745,52.524167,13.421389
746,52.523719,13.380581
747,52.552103,13.413783
748,52.408941,13.370285
749,52.478517,13.363929
750,52.521476,13.586226
751,52.500491,13.437175
752,52.500491,13.437175
753,52.503966,13.291348
754,52.408941,13.370285
755,52.408941,13.370285
756,52.546207,13.369095
757,52.475252,13.359555
758,52.512212,13.393597
759,52.539011,13.199348
760,52.477634,13.282364
761,52.478351,13.426914
762,52.507832,13.349137
763,52.443268,13.503147
764,52.567806,13.425986
765,52.50640684410433,13.278109431266785
766,52.511309,13.396763
767,52.498568,13.419909
768,52.50723,13.48688
769,52.541606,13.422667
770,52.505308,13.327739
771,52.505217,13.327709
772,52.504414,13.284531
773,52.567806,13.425986
774,52.50064,13.336498
775,52.5061073303223,13.2278537750244
776,52.518224,13.16963
777,52.50064,13.336498
778,52.498081,13.42939
779,52.535618,13.431859
780,52.474377,13.454383
781,52.541685,13.411285
782,52.5337,13.414964
783,52.468649,13.467502
784,52.532922,13.207808
785,52.532922,13.207808
786,52.530151,13.368494
787,52.508218,13.414446
788,52.41094,13.262412
789,52.431346,13.523673
790,52.5208455657791,13.4039381981476
791,52.5193695,13.4794804000001
792,52.50553,13.322816
793,52.51286,13.416433
794,52.5211,13.401714
795,52.513068,13.288812
796,52.485099,13.38396
797,52.485099,13.38396
798,52.42862,13.529666
799,52.494967,13.336286
800,52.491308,13.326741
801,52.503742,13.352832
802,52.42953358512162,13.53008363491826
803,52.5415564381086,13.422676500663767
804,52.53180934448101,13.37784999999997
805,52.483452,13.428816
806,52.5093454,13.5645479
807,52.46752,13.49063000000001
808,52.50326090374826,13.35292011058958
809,52.52275975921836,13.41390533093568
810,52.45163,13.583498
811,52.551304,13.340696
812,52.51005,13.286372
813,52.522819,13.380966
814,52.520314,13.345655
815,52.519933,13.380231
816,52.503333,13.339722
817,52.5343288389149,13.5177889179993
818,52.49171,13.524689999999964
819,52.416522,13.496941
820,52.528091,13.391272
821,52.50064,13.336498
822,52.510943869857336,13.37638854232785
823,52.5000381,13.349177800000009
824,52.497774,13.448166
825,52.47564,13.3165
826,52.49967502674226,13.395021776790594
827,52.50879,13.50693
828,52.531038,13.283509
829,52.50146666837505,13.305672739915847
830,52.5077436,13.3738429
831,52.54666,13.42499
832,52.408941,13.370285
833,52.489861,13.390284
834,52.489861,13.390284
835,52.521042,13.327993
836,52.501687,13.305567
837,52.525956,13.370633
838,52.525918,13.314292
839,52.523223,13.362537
840,52.5077475,13.3740438
841,52.5035621,13.625062899999987
842,52.5134,13.280849999999988
843,52.6150544,13.432045799999967
844,52.523056,13.466111
845,52.526599,13.343848
846,52.481311,13.329605
847,52.505012,13.299993
848,52.443268,13.503147
849,52.53664,13.40664000000004
850,52.510113,13.403225
851,52.478351,13.426914
852,52.53077,13.461289999999964
853,52.581045788253554,13.40025868650823
854,52.5636052,13.329506199999969
855,52.5540095,13.543517599999973
856,52.504923191498136,13.495968143598134
857,52.48602,13.33755999999994
858,52.617612,13.488812
859,52.493479,13.445084
860,52.55069,13.429179999999974
861,52.50689,13.2849200000001
862,52.49039,13.419460000000072
863,52.542172,13.439036999999985
864,52.513886,13.390051
865,52.507014,13.46902
866,52.425646,13.574837
867,52.508619,13.423747
868,52.529167,13.364369
869,52.51017,13.49059
870,52.50723,13.48688
871,52.50723,13.48688
872,52.50723,13.48688
873,52.50723,13.48688
874,52.51017,13.49059
875,52.50723,13.48688
876,52.51017,13.49059
877,52.51017,13.49059
878,52.503966,13.291348
879,52.51017,13.49059
880,52.5727167,13.5599221
881,52.5727167,13.5599221
882,52.400232,13.382042
883,52.504762,13.380887
884,52.504762,13.380887
885,52.400232,13.382042
886,52.5337,13.414964
887,52.5337,13.414964
888,52.544716,13.498685
889,52.544716,13.498685
890,52.533827,13.442525
891,52.533827,13.442525
892,52.482088,13.357308
893,52.505073,13.343569
894,52.505073,13.343569
895,52.481183,13.526469
896,52.481183,13.526469
897,52.535344,13.403331
898,52.535344,13.403331
899,52.43258,13.527693
900,52.43258,13.527693
901,52.474872,13.42787
902,52.474872,13.42787
903,52.491234,13.361049
904,52.491234,13.361049
905,52.475648,13.364075
906,52.475648,13.364075
907,52.482312,13.357277
908,52.471428,13.33612
909,52.50427,13.409668
910,52.50427,13.409668
911,52.45163,13.583481
912,52.45163,13.583481
913,52.55057,13.429248
914,52.55057,13.429248
915,52.498081,13.42939
916,52.513388,13.415578
917,52.513388,13.415578
918,52.498081,13.42939
919,52.50789,13.449568
920,52.517207,13.304447
921,52.493476,13.413538
922,52.474948,13.385563
923,52.474948,13.385563
924,52.493476,13.413538
925,52.464278,13.330027
926,52.464278,13.330027
927,52.525626,13.428995
928,52.525626,13.428995
929,52.50789,13.449568
930,52.505876,13.317669
931,52.505876,13.317669
932,52.494063,13.423077
933,52.494063,13.423077
934,52.495127,13.383722
935,52.4913001350724,13.361265842327832
936,52.495371,13.308887
937,52.451796,13.338099
938,52.451796,13.338099
939,52.542085,13.43896
940,52.542085,13.43896
941,52.501842,13.370846
942,52.481311,13.329605
943,52.495371,13.308887
944,52.428739,13.451926
945,52.428739,13.451926
946,52.515183,13.450787
947,52.446983,13.306709
948,52.446983,13.306709
949,52.546751,13.424988
950,52.546751,13.424988
951,52.485832,13.433537
952,52.485832,13.433537
953,52.520102,13.437725
954,52.520102,13.437725
955,52.485678,13.425589
956,52.485678,13.425589
957,52.502757,13.313239
958,52.520978,13.403944
959,52.555434,13.566658
960,52.468649,13.467502
961,52.502757,13.313239
962,52.493241,13.330154
963,52.429502,13.53
964,52.429502,13.53
965,52.509995,13.375706
966,52.520978,13.403944
967,52.456396,13.37693
968,52.456396,13.37693
969,52.457103,13.578466
970,52.452628,13.385035
971,52.452628,13.385035
972,52.45587,13.382651
973,52.507268,13.466975
974,52.53275,13.413582
975,52.506636,13.346073
976,52.4948,13.398243
977,52.478351,13.426914
978,52.478351,13.426914
979,52.498223,13.502235
980,52.498223,13.502235
981,52.531847,13.37762
982,52.531847,13.37762
983,52.507268,13.466975
984,52.56623,13.405779
985,52.497232,13.388703
986,52.497232,13.388703
987,52.521066,13.434841
988,52.521066,13.434841
989,52.499822,13.394909
990,52.5343,13.370317
991,52.5343,13.370317
992,52.506636,13.346073
993,52.523427,13.366234
994,52.523427,13.366234
995,52.562416,13.467487
996,52.562416,13.467487
997,52.493218,13.379659
998,52.493218,13.379659
999,52.43139,13.48269
1000,52.490197,13.419889
1001,52.541606,13.422667
1002,52.48837481160459,13.360156880950983
1003,52.528091,13.391272
1004,52.583749,13.283545
1005,52.528486,13.412186
1006,52.455905,13.382739
1007,52.526111,13.32721
1008,52.510496,13.465006
1009,52.488368,13.349555
1010,52.488368,13.349555
1011,52.510496,13.465006
1012,52.477634,13.282364
1013,52.524215,13.41251
1014,52.524215,13.41251
1015,52.477634,13.282364
1016,52.5044288,13.40964889999998
1017,52.468372,13.429904299999976
1018,52.4631396,13.434677899999995
1019,52.56785827921345,13.426036677246106
1020,52.53164022463378,13.426218714294462
1021,52.498455,13.419856799999934
1022,52.5447183172091,13.49863729312473
1023,52.501702300000126,13.477412883605906
1024,52.513972,13.309838
1025,52.513972,13.309838
1026,52.484108,13.342114
1027,52.475004,13.303121
1028,52.517228,13.631431
1029,52.425428,13.366102
1030,52.52723,13.449398
1031,52.52725,13.44938
1032,52.52725,13.44938
1033,52.52723,13.449398
1034,52.52723,13.449398
1035,52.522747,13.413833
1036,52.522747,13.413833
1037,52.522747,13.413833
1038,52.509659,13.363325
1039,52.442567,13.239799
1040,52.519349,13.326895
1041,52.500352,13.458532
1042,52.519349,13.326895
1043,52.519349,13.326895
1044,52.526599,13.343848
1045,52.426987,13.321433
1046,52.442567,13.239799
1047,52.55747,13.421816
1048,52.492143,13.423135
1049,52.492143,13.423135
1050,52.473556,13.326978
1051,52.541156,13.390913
1052,52.435067,13.46718
1053,52.435067,13.46718
1054,52.435067,13.46718
1055,52.505724,13.422526
1056,52.505724,13.422526
1057,52.452008,13.315025
1058,52.50316039604689,13.329149393047716
1059,52.537648,13.419561
1060,52.447184,13.571046
1061,52.447184,13.571046
1062,52.46889,13.461596
1063,52.452008,13.315025
1064,52.46889,13.461596
1065,52.529401,13.458733
1066,52.46889,13.461596
1067,52.61524,13.48573
1068,52.529401,13.458733
1069,52.509711,13.423446000000013
1070,52.529401,13.458733
1071,52.480407,13.384575
1072,52.480407,13.384575
1073,52.5034378,13.371255399999995
1074,52.52861,13.41245989999993
1075,52.5512559,13.340817000000015
1076,52.5101954,13.375451399999974
1077,52.537648,13.419561
1078,52.615188,13.486303
1079,52.522567,13.465433
1080,52.522567,13.465433
1081,52.483477,13.392939
1082,52.483477,13.392939
1083,52.483477,13.392939
1084,52.483477,13.392939
1085,52.429215,13.274467
1086,52.429215,13.274467
1087,52.50599,13.296101
1088,52.50599,13.296101
1089,52.509786,13.294996
1090,52.509786,13.294996
1091,52.51649,13.293968
1092,52.51649,13.293968
1093,52.468436,13.28954
1094,52.549322,13.361575
1095,52.549322,13.361575
1096,52.496709,13.313894
1097,52.518917,13.295717
1098,52.496709,13.313894
1099,52.521775,13.32215
1100,52.521775,13.32215
1101,52.54711,13.389803
1102,52.4799491,13.440030200000024
1103,52.54711,13.389803
1104,52.515006,13.313218
1105,52.52742,13.4492299999999
1106,52.523604,13.334078
1107,52.5353824,13.299991099999945
1108,52.54432,13.41543999999999
1109,52.5185989,13.386203900000057
1110,52.562416,13.467487
1111,52.503966,13.291348
1112,52.503966,13.291348
1113,52.47564,13.3165
1114,52.539392,13.356203
1115,52.539392,13.356203
1116,52.56268,13.37383
1117,52.40218,13.509497
1118,52.40218,13.509497
1119,52.496013,13.319607
1120,52.496013,13.319607
1121,52.510514,13.428874
1122,52.498642,13.407917
1123,52.512212,13.393597
1124,52.498642,13.407917
1125,52.498642,13.407917
1126,52.498642,13.407917
1127,52.478517,13.363929
1128,52.478517,13.363929
1129,52.503511,13.32933
1130,52.515106,13.260031
1131,52.52867,13.30759
1132,52.52867,13.30759
1133,52.52867,13.30759
1134,52.51017,13.49059
1135,52.51017,13.49059
1136,52.51017,13.49059
1137,52.50723,13.48688
1138,52.51017,13.49059
1139,52.51017,13.49059
1140,52.51017,13.49059
1141,52.50723,13.48688
1142,52.51017,13.49059
1143,52.521613,13.411262
1144,52.51017,13.49059
1145,52.51017,13.49059
1146,52.51017,13.49059
1147,52.531795,13.434695
1148,52.51351,13.26631999999995
1149,52.49118,13.31443999999999
1150,52.47844139999999,13.42675589999999
1151,52.48343999999999,13.428369999999973
1152,52.531795,13.434695
1153,52.46878,13.46790999999996
1154,52.527262,13.383475
1155,52.50725629999999,13.467201700000032
1156,52.527262,13.383475
1157,52.530953,13.422345
1158,52.515760620459545,13.393046093254064
1159,52.530953,13.422345
1160,52.51222941050119,13.382537492065474
1161,52.5087270296999,13.3732152630905
1162,52.50452,13.38009
1163,52.5136513,13.4154654
1164,52.5433616638184,13.5008735656738
1165,52.575964,13.297672
1166,52.536317,13.294966
1167,52.590506,13.28121
1168,52.570076,13.566698
1169,52.590506,13.28121
1170,52.562222,13.324444
1171,52.519445,13.286601
1172,52.519445,13.286601
1173,52.491716,13.349171
1174,52.491716,13.349171
1175,52.543395,13.205021
1176,52.543395,13.205021
1177,52.536317,13.294966
1178,52.536317,13.294966
1179,52.517985,13.315672
1180,52.517985,13.315672
1181,52.536317,13.294966
1182,52.510872,13.383861
1183,52.462233,13.51222
1184,52.549619,13.388672
1185,52.510872,13.383861
1186,52.549619,13.388672
1187,52.549619,13.388672
1188,52.549619,13.388672
1189,52.549619,13.388672
1190,52.504947,13.473412
1191,52.504947,13.473412
1192,52.518612,13.440238
1193,52.518612,13.440238
1194,52.477733,13.447633
1195,52.477733,13.447633
1196,52.52183,13.454361
1197,52.523375,13.288693
1198,52.51886749783287,13.40899786623571
1199,52.516632,13.309385
1200,52.433991,13.191809
1201,52.505004,13.375935
1202,52.446744,13.230782
1203,52.605068,13.31357
1204,52.54482,13.493279
1205,52.54482,13.493279
1206,52.484759,13.519582
1207,52.484759,13.519582
1208,52.537086,13.477047
1209,52.537086,13.477047
1210,52.516448,13.260862
1211,52.516139,13.479989
1212,52.515846,13.389922
1213,52.51579,13.41046
1214,52.485865,13.425159
1215,52.485865,13.425159
1216,52.52183,13.454361
1217,52.52183,13.454361
1218,52.52183,13.454361
1219,52.546174,13.441678
1220,52.490282,13.448514
1221,52.488664,13.341212
1222,52.488664,13.341212
1223,52.490282,13.448514
1224,52.512341,13.4189
1225,52.512341,13.4189
1226,52.509573,13.393978
1227,52.514302,13.395583
1228,52.514302,13.395583
1229,52.529276,13.377542
1230,52.529276,13.377542
1231,52.546174,13.441678
1232,52.524127,13.349306
1233,52.501225,13.343711
1234,52.508887,13.402657
1235,52.500883,13.3168
1236,52.5007667541504,13.4625625610352
1237,52.469957,13.443486
1238,52.469452,13.371279
1239,52.46766,13.36712
1240,52.465567,13.395649
1241,52.508887,13.402657
1242,52.486798,13.46395
1243,52.486798,13.46395
1244,52.454983,13.348516
1245,52.454983,13.348516
1246,52.604165,13.335214
1247,52.604165,13.335214
1248,52.556139,13.478497
1249,52.532219,13.416585
1250,52.532219,13.416585
1251,52.543267,13.411729
1252,52.543267,13.411729
1253,52.499237,13.342238
1254,52.499237,13.342238
1255,52.557421,13.218402
1256,52.493281,13.37956
1257,52.493281,13.37956
1258,52.505621,13.419379
1259,52.505621,13.419379
1260,52.487371,13.354516
1261,52.487371,13.354516
1262,52.497407,13.356332
1263,52.497407,13.356332
1264,52.455277,13.317566
1265,52.556139,13.478497
1266,52.523431,13.407501
1267,52.523431,13.407501
1268,52.560462,13.416289
1269,52.560462,13.416289
1270,52.531075,13.445023
1271,52.531075,13.445023
1272,52.570511,13.41644
1273,52.570511,13.41644
1274,52.546845,13.405624
1275,52.546845,13.405624
1276,52.470673,13.435103
1277,52.48246,13.358177
1278,52.521066,13.434841
1279,52.521066,13.434841
1280,52.528486,13.412186
1281,52.528486,13.412186
1282,52.510514,13.428874
1283,52.511309,13.396763
1284,52.511309,13.396763
1285,52.545886,13.434476
1286,52.545886,13.434476
1287,52.499822,13.394909
1288,52.499822,13.394909
1289,52.499822,13.394909
1290,52.535262,13.203113
1291,52.535262,13.203113
1292,52.500723,13.623020399999971
1293,52.500723,13.623020399999971
1294,52.500723,13.623020399999971
1295,52.500723,13.623020399999971
1296,52.500723,13.623020399999971
1297,52.500723,13.623020399999971
1298,52.496249,13.46754
1299,52.496249,13.46754
1300,52.524215,13.41251
1301,52.524215,13.41251
1302,52.471428,13.33612
1303,52.511077,13.318772800000032
1304,52.511077,13.318772800000032
1305,52.548972,13.455833
1306,52.548972,13.455833
1307,52.51305,13.448263
1308,52.51305,13.448263
1309,52.468459,13.430205
1310,52.468459,13.430205
1311,52.468459,13.430205
1312,52.468459,13.430205
1313,52.485822,13.337844
1314,52.485822,13.337844
1315,52.544174,13.415361
1316,52.544174,13.415361
1317,52.505036,13.375853
1318,52.4817514,13.35657489999994
1319,52.573511,13.560391
1320,52.573511,13.560391
1321,52.577655,13.295653
1322,52.577655,13.295653
1323,52.530206,13.519893
1324,52.530206,13.519893
1325,52.455399,13.525525
1326,52.549353,13.416926
1327,52.549353,13.416926
1328,52.509059,13.283391
1329,52.509059,13.283391
1330,52.505029,13.375852
1331,52.409034,13.370358
1332,52.409034,13.370358
1333,52.455394,13.525514
1334,52.46498,13.4424532
1335,52.46498,13.4424532
1336,52.52725,13.44938
1337,52.52725,13.44938
1338,52.49595,13.468947
1339,52.58555,13.4211
1340,52.428666,13.529443
1341,52.527565,13.371696
1342,52.526599,13.343848
1343,52.49032,13.422464
1344,52.49032,13.422464
1345,52.527965,13.369313
1346,52.50723,13.48688
1347,52.50723,13.48688
1348,52.508403,13.37671
1349,52.492068,13.377593
1350,52.508403,13.37671
1351,52.492068,13.377593
1352,52.615248,13.486162
1353,52.56619999999999,13.4058
1354,52.56619999999999,13.4058
1355,52.527977,13.369248
1356,52.527273,13.449363
1357,52.527273,13.449363
1358,52.549464,13.416355
1359,52.534182,13.192741
1360,52.464994,13.442555
1361,52.504762,13.380887
1362,52.483038,13.527395
1363,52.483038,13.527395
1364,52.462135,13.15869
1365,52.462135,13.15869
1366,52.464994,13.442555
1367,52.479501,13.445771
1368,52.479501,13.445771
1369,52.505042,13.375827
1370,52.470673,13.435103
1371,52.431025,13.456533
1372,52.431025,13.456533
1373,52.425646,13.574837
1374,52.425646,13.574837
1375,52.490197,13.419889
1376,52.490197,13.419889
1377,52.4574,13.58069
1378,52.4841372,13.3873471
1379,52.4841372,13.3873471
1380,52.498223,13.502235
1381,52.498223,13.502235
1382,52.573554,13.560386
1383,52.573554,13.560386
1384,52.491327,13.326757
1385,52.491327,13.326757
1386,52.542433,13.390156
1387,52.542433,13.390156
1388,52.530206,13.519753
1389,52.530206,13.519753
1390,52.505004,13.375887
1391,52.510872,13.383861
1392,52.510872,13.383861
1393,52.520978,13.403944
1394,52.520978,13.403944
1395,52.50789,13.44957
1396,52.50789,13.44957
1397,52.453059,13.315737
1398,52.453059,13.315737
1399,52.467513,13.490609
1400,52.457347,13.580582
1401,52.505036,13.375818
1402,52.467513,13.490609
1403,52.467513,13.490609
1404,52.518608,13.387711
1405,52.518608,13.387711
1406,52.451796,13.338099
1407,52.451796,13.338099
1408,52.523041,13.480103
1409,52.523041,13.480103
1410,52.514612,13.463083
1411,52.514612,13.463083
1412,52.515183,13.450787
1413,52.515183,13.450787
1414,52.505621,13.419379
1415,52.492144,13.377841
1416,52.457986,13.291687
1417,52.492144,13.377841
1418,52.489843,13.381119
1419,52.457986,13.291687
1420,52.489843,13.381119
1421,52.521042,13.327993
1422,52.521042,13.327993
1423,52.52754,13.371724
1424,52.490287,13.422588
1425,52.490287,13.422588
1426,52.493476,13.413538
1427,52.493476,13.413538
1428,52.523375,13.288693
1429,52.523375,13.288693
1430,52.511975,13.474964
1431,52.511975,13.474964
1432,52.43258,13.527693
1433,52.43258,13.527693
1434,52.501809,13.4779
1435,52.501809,13.4779
1436,52.510907,13.378211
1437,52.510907,13.378211
1438,52.495127,13.383722
1439,52.495127,13.383722
1440,52.491583,13.392549
1441,52.491583,13.392549
1442,52.4651876282649,13.147682092791
1443,52.434657606409175,13.467129592590368
1444,52.49334377759239,13.305288349073862
1445,52.47451,13.30268
1446,52.410044,13.304696000000035
1447,52.415898586980255,13.282175870361357
1448,52.5556464360826,13.431903933868398
1449,52.47998736733505,13.323660991401653
1450,52.45537461057698,13.52553572750855
1451,52.49614,13.467614300000037
1452,52.5330884,13.207745100000013
1453,52.50054818706565,13.458662476196295
1454,52.4876723,13.45576630000005
1455,52.5897646,13.39450499999998
1456,52.5465588,13.34517649999998
1457,52.54332040552076,13.347613788885504
1458,52.5485358,13.412195999999994
1459,52.442627680940475,13.239871859550476
1460,52.49400172402054,13.45567519046016
1461,52.5620966,13.394733599999997
1462,52.47762340447441,13.28243019325406
1463,52.484243782241144,13.294106125831602
1464,52.49842,13.46551999999997
1465,52.5294,13.139800000000037
1466,52.57736024595832,13.2936181770035
1467,52.492331748293374,13.525905210418616
1468,52.4556972,13.382683199999974
1469,52.523383733394496,13.366290847885129
1470,52.5355038,13.402984100000026
1471,52.55504999999999,13.341540000000007
1472,52.55630390831952,13.546592564487453
1473,52.5164176,13.293560200000002
1474,52.50812,13.414819999999963
1475,52.54703,13.35394999999994
1476,52.52391,13.332419999999956
1477,52.4991592,13.36586060000002
1478,52.54032,13.37136
1479,52.5460824,13.368971399999964
1480,52.54517999999999,13.39148
1481,52.53634,13.39041999999995
1482,52.53309,13.19564
1483,52.44029,13.31591
1484,52.4343407,13.5303832
1485,52.4305634758163,13.5335460299552
1486,52.4858334,13.393747699999947
1487,52.45798050571822,13.291686773300173
1488,52.4934591,13.437418699999968
1489,52.4929797,13.330110500000046
1490,52.51715,13.304239999999936
1491,52.55541917184091,13.566644923881883
1492,52.45759049999999,13.320317400000022
1493,52.50069,13.407960000000005
1494,52.5065,13.394630000000006
1495,52.49946,13.342049999999972
1496,52.480107480422106,13.475496730566428
1497,52.52923335329063,13.408170000000023
1498,52.52387,13.422239999999988
1499,52.488629034020576,13.407507326458704
1500,52.4898914,13.3804705
1501,52.48717,13.354420000000005
1502,52.503325,13.303533300000026
1503,52.4845687,13.427421500000037
1504,52.4991560962883,13.301764608459514
1505,52.48989,13.424729999999954
1506,52.488770663303015,13.343676669311543
1507,52.488317877306066,13.34968000000003
1508,52.52495321865838,13.300830058860804
1509,52.489,13.393039999999928
1510,52.48115545451259,13.318476355819708
1511,52.45295059999999,13.315870000000018
1512,52.5057723,13.317506800000046
1513,52.51539289999999,13.45080089999999
1514,52.521066,13.434841
1515,52.50789,13.449568
1516,52.45169,13.33775
1517,52.45239,13.5218199999999
1518,52.451502,13.3143983
1519,52.4152161786408,13.1290232704913
1520,52.6115417480469,13.4828472137451
1521,52.538528,13.368139
1522,52.535712,13.405008
1523,52.53519,13.4867
1524,52.5345123,13.513743900000009
1525,52.534398,13.395824
1526,52.534167,13.266111
1527,52.5338401794434,13.5543041229248
1528,52.53382,13.403185
1529,52.533653,13.174442
1530,52.533331,13.196889
1531,52.5327496362053,13.4135818481445
1532,52.532269,13.198206
1533,52.531126,13.468979
1534,52.5308113098144,13.4411840438843
1535,52.530483,13.39135
1536,52.529722,13.373889
1537,52.529125,13.395841
1538,52.528994,13.378528
1539,52.528196,13.228676
1540,52.527554,13.385167
1541,52.515556,13.395833
1542,52.51371,13.554232
1543,52.513661,13.322778
1544,52.513015,13.329802
1545,52.51289,13.612144
1546,52.5121,13.309261
1547,52.511667,13.4975
1548,52.5110664367676,13.4292907714844
1549,52.510911,13.587696
1550,52.510428,13.373844
1551,52.510383,13.409065
1552,52.510106,13.378046
1553,52.509536,13.393106
1554,52.509467,13.389543
1555,52.508782,13.272761
1556,52.508433,13.260589
1557,52.508248,13.376504
1558,52.499416,13.329086
1559,52.496774,13.344862
1560,52.493249,13.315086
1561,52.490939,13.330472
1562,52.488661,13.340837
1563,52.486057,13.424146
1564,52.483956301052,13.385692834854126
1565,52.483889,13.443611
1566,52.48375,13.296678
1567,52.482664,13.432248
1568,52.48209944397154,13.357339373016304
1569,52.481183,13.526469
1570,52.477748,13.447891
1571,52.477649,13.427361
1572,52.47641,13.600983
1573,52.475155,13.323667
1574,52.473197,13.45711
1575,52.471708,13.328003
1576,52.470125,13.3401
1577,52.51998,13.41475
1578,52.530207,13.519818
1579,52.530207,13.519818
1580,52.505019,13.375882
1581,52.5211538,13.4017446
1582,52.5211538,13.4017446
1583,52.44415,13.37971
1584,52.58555,13.4211
1585,52.572488,13.560418
1586,52.572488,13.560418
1587,52.428676,13.529453
1588,52.50503,13.375778
1589,52.42862,13.529666
1590,52.480731,13.354212
1591,52.50501,13.375924
1592,52.529028,13.18304
1593,52.529028,13.18304
1594,52.542042,13.383617
1595,52.542042,13.383617
1596,52.504603,13.32855
1597,52.512776,13.416401
1598,52.512776,13.416401
1599,52.520585,13.40738
1600,52.444154,13.379635
1601,52.527936,13.369294
1602,52.595624,13.426668
1603,52.527465,13.371756
1604,52.504594,13.328389
1605,52.53151,13.28385
1606,52.53151,13.28385
1607,52.512883,13.416444
1608,52.462243,13.158655
1609,52.462243,13.158655
1610,52.505024,13.375893
1611,52.615215,13.486285
1612,52.5430796,13.500571000000036
1613,52.577695,13.295623
1614,52.577695,13.295623
1615,52.52725,13.44938
1616,52.509077,13.283285
1617,52.509077,13.283285
1618,52.527954,13.369325
1619,52.543973,13.441286
1620,52.527518,13.371751
1621,52.428875,13.538558
1622,52.505051,13.375792
1623,52.428885,13.538568
1624,52.549489,13.416304
1625,52.4986594,13.297434100000032
1626,52.4986594,13.297434100000032
1627,52.471436,13.45583
1628,52.471436,13.45583
1629,52.431387,13.522808
1630,52.611525,13.483506
1631,52.611525,13.483506
1632,52.505621,13.419379
1633,52.50502,13.375925
1634,52.505043,13.375789
1635,52.430474,13.533485
1636,52.505023,13.375819
1637,52.577629,13.295703
1638,52.577629,13.295703
1639,52.505013,13.375861
1640,52.490302,13.422528
1641,52.490302,13.422528
1642,52.482327,13.357307
1643,52.504583,13.328236
1644,52.544017,13.441221
