2020-08-13,17:35:54,,fc246966-7292-4009-aab1-01e05733e6a2,afdbfef7-ce6a-4483-9344-0d9094f24467,stationary_charge,13.304725,52.52886
2020-08-13,17:35:54,,fc246966-7292-4009-aab1-01e05733e6a2,ed55f089-8e1a-4c0e-a88e-8545ea0bd87c,front_interior_cleaning,13.304725,52.52886
2020-08-13,17:35:55,,a9b9f4e6-5e57-41ed-807d-8da875736b28,9b451b01-c6c0-4243-9cfa-5028222b8df4,stationary_charge,13.468503,52.509693
2020-08-13,17:35:55,,a9b9f4e6-5e57-41ed-807d-8da875736b28,1866721b-7225-4e28-8c81-0dabf10f24fb,front_interior_cleaning,13.468503,52.509693
2020-08-13,17:35:55,,ae3baf2d-fccc-4a7c-b197-2acb78e952d1,3f5de2c0-d9dd-4064-bd38-b85dd97802a6,front_interior_cleaning,13.41407,52.493053
2020-08-13,17:35:55,,ae3baf2d-fccc-4a7c-b197-2acb78e952d1,5c5cf578-dc7c-4373-b7e4-1d8fd1ab5cdf,stationary_charge,13.41407,52.493053
2020-08-13,21:00:00,,074c1f4a-1328-4ae7-9177-1dfe351cd256,ff6ceb52-f37c-46f2-8215-b0514bb73fc4,refuel,13.3741595,52.507928
2020-08-13,21:00:00,,441c2250-f2f1-4417-b4ba-3e86e3d486c2,98d19d16-a2bd-490a-b263-1374cfdfa7a0,refuel,13.3741595,52.507928
2020-08-13,21:00:00,,a1a6f8f7-c67f-450c-8301-a44b39d2c335,4136a217-2f81-4592-9401-9310674deafd,refuel,13.3741595,52.507928
2020-08-13,21:00:00,,4395f3ac-ce7a-478c-b61b-16ec309428e0,01d84009-c647-4709-b695-7b5683fdb353,refuel,13.3741595,52.507928
2020-08-13,21:00:00,,c3315b75-c739-4126-9052-4b7e3bbe6cef,e52c1d32-3752-4931-bad4-ab763c0436eb,refuel,13.3741595,52.507928
2020-08-13,21:00:00,,97e3b6d7-1ed4-401d-a259-224508e58dbe,328cf9fe-e33f-4a75-81c0-9a062ffb2aa7,refuel,13.3741595,52.507928
2020-08-13,21:00:00,,ab94829f-27b5-48f9-933c-52668c48e6f8,e3991293-2e07-4477-a24f-bf56986e70fb,refuel,13.3741595,52.507928
2020-08-13,21:00:00,,3115b938-3787-4f7d-a343-9dbcc808a848,39a16c4e-92f8-49e6-b317-86c22f2921a3,refuel,13.3741595,52.507928
2020-08-13,21:00:00,,3400bd0a-a356-46d6-88fd-705598daebf0,04444845-4bb0-4a69-a154-c96a45655e1f,refuel,13.3741595,52.507928
2020-08-13,21:00:00,,34b8bb2a-eb8a-48ba-a53b-5a0a7f4622c4,7c28c3d4-30d9-45e4-ae7c-8352fb92af12,refuel,13.3741595,52.507928
2020-08-13,21:00:00,,96f45627-0b88-4f77-a41e-fbb1ba4626c6,03c3bfbb-97fe-4c3e-97c4-9fa9a379c37d,interior_cleaning,13.3741595,52.507928
2020-08-13,21:00:00,,96f45627-0b88-4f77-a41e-fbb1ba4626c6,be6fac9d-c6ab-47e6-ba08-0d0970086968,stationary_charge,13.3741595,52.507928
2020-08-13,21:00:00,,1f362d51-3738-414c-b3b1-bfe07d807238,3b036252-bfb3-4342-b92e-ac8948f5388f,interior_cleaning,13.3741595,52.507928
2020-08-13,21:00:00,,1f362d51-3738-414c-b3b1-bfe07d807238,0c5bac55-9d28-41a6-b81f-cdb098d14ce6,stationary_charge,13.3741595,52.507928
2020-08-13,21:00:00,,afe446fe-f2c3-408f-a1de-f4a85daeda59,402c51b3-c25e-465b-8ec1-09e55012af27,interior_cleaning,13.3741595,52.507928
2020-08-13,21:00:00,,afe446fe-f2c3-408f-a1de-f4a85daeda59,13841e42-6d1e-464f-9234-d667ddd218f2,stationary_charge,13.3741595,52.507928
2020-08-13,21:00:00,,287e392a-396a-41ba-8cd6-8df2c9f8901b,97d21b10-8457-4ffa-8ea5-a78388c6ce52,interior_cleaning,13.3741595,52.507928
2020-08-13,21:00:00,,287e392a-396a-41ba-8cd6-8df2c9f8901b,307cb3ea-a4cf-4b51-81c4-e2a6ab8d62d6,stationary_charge,13.3741595,52.507928
2020-08-13,21:00:00,,9fb3e48a-4fc5-4b13-baa1-55714aa58e40,f93c06d0-e933-47cd-bd43-89512cd5368c,interior_cleaning,13.3741595,52.507928
2020-08-13,21:00:00,,9fb3e48a-4fc5-4b13-baa1-55714aa58e40,10cef6ea-5ba9-4cf9-8f79-ce80985eea0a,stationary_charge,13.3741595,52.507928
2020-08-13,21:00:00,,cf91e763-5730-4ac4-a363-00d85146c5b5,a42d708f-ed20-4171-ae2c-74ceeabf8e50,interior_cleaning,13.3741595,52.507928
2020-08-13,21:00:00,,cf91e763-5730-4ac4-a363-00d85146c5b5,29d96e66-d7fa-45cb-8ec1-b05dc739d14a,stationary_charge,13.3741595,52.507928
2020-08-13,21:00:00,,c5fa2d3b-afc7-4f7a-9d2d-63d7439aff54,356a500d-fddc-402d-8325-33c5c060ed5c,interior_cleaning,13.3741595,52.507928
2020-08-13,21:00:00,,c5fa2d3b-afc7-4f7a-9d2d-63d7439aff54,e5b8e20b-0957-4b76-9c8a-911c3f1f5433,stationary_charge,13.3741595,52.507928
2020-08-13,21:00:00,,df7717cc-3a5a-420e-a737-06627372c1f8,54657bb2-8f3c-441d-83f3-43c7048a8e2a,interior_cleaning,13.3741595,52.507928
2020-08-13,21:00:00,,df7717cc-3a5a-420e-a737-06627372c1f8,ef6dd966-455c-45c1-b98f-96a6fbcb273a,stationary_charge,13.3741595,52.507928
2020-08-13,21:00:00,,10b7c1e0-4b11-4bee-a841-78aeeee3002e,6489b5c0-1b6c-4bb8-9cee-b668a864e46b,interior_cleaning,13.3741595,52.507928
2020-08-13,21:00:00,,10b7c1e0-4b11-4bee-a841-78aeeee3002e,7832ff4e-f4d4-498e-91f9-807ccb454aca,stationary_charge,13.3741595,52.507928
2020-08-13,21:00:00,,07c6135e-f4a5-41e9-b6c8-e24b56a0430d,396de2be-40e5-498f-ab44-e84465d3ab72,interior_cleaning,13.3741595,52.507928
2020-08-13,21:00:00,,07c6135e-f4a5-41e9-b6c8-e24b56a0430d,021367c3-190b-47d9-ac80-99296f3799c1,stationary_charge,13.3741595,52.507928
2020-08-13,21:00:00,,74181e62-dcde-4163-b173-eda27c775bc4,bd12cec9-2f54-4907-addc-fe9473d555c6,interior_cleaning,13.3741595,52.507928
2020-08-13,21:00:00,,74181e62-dcde-4163-b173-eda27c775bc4,1c17f1a0-a062-45ef-8985-95428df7b13c,stationary_charge,13.3741595,52.507928
2020-08-13,21:00:00,,769c997e-0b56-4f5f-a4d4-df2f46f18c0b,90e1c609-ebcb-4769-866e-4a3d1ce65e3b,interior_cleaning,13.3741595,52.507928
2020-08-13,21:00:00,,769c997e-0b56-4f5f-a4d4-df2f46f18c0b,d4bc78c8-1f47-4531-8232-337155ab443e,stationary_charge,13.3741595,52.507928
2020-08-13,21:00:00,,3d6e1497-02b9-43c6-8574-c90a1948bb01,826bb9f4-bbd4-43e8-9916-66ffe352d3a0,interior_cleaning,13.3741595,52.507928
2020-08-13,21:00:00,,3d6e1497-02b9-43c6-8574-c90a1948bb01,b9dc29f2-3406-4dd8-9263-676b51909ac5,stationary_charge,13.3741595,52.507928
2020-08-13,21:00:00,,b89e40c2-2a3a-4b87-83d0-330f50b05590,f9f535d0-f1b0-4f4d-a53b-8ca2fe23b59d,interior_cleaning,13.3741595,52.507928
2020-08-13,21:00:00,,b89e40c2-2a3a-4b87-83d0-330f50b05590,bf60b7b8-4427-4fd3-9537-f41529de38e1,stationary_charge,13.3741595,52.507928
2020-08-13,21:00:00,,f9e76162-af08-4b58-8253-cd47450e901d,a7546b4b-ccad-41c0-896d-2ad0e2023098,interior_cleaning,13.3741595,52.507928
2020-08-13,21:00:00,,f9e76162-af08-4b58-8253-cd47450e901d,382eb887-8d9e-4f8b-8986-3f2d2237809d,stationary_charge,13.3741595,52.507928
2020-08-13,21:00:00,,489f6f6f-6f0e-45ec-b0f7-d51003a30efc,dac8c717-b356-4021-a70d-e0a3e2f0f28a,interior_cleaning,13.3741595,52.507928
2020-08-13,21:00:00,,489f6f6f-6f0e-45ec-b0f7-d51003a30efc,73e5ceb7-584c-46e1-a4b6-49c706a7ff9e,stationary_charge,13.3741595,52.507928
2020-08-13,21:00:00,,c00a7e67-aea3-4548-a5ed-c6d2ec7ffb9a,38eba821-df1a-4309-82c1-3b29194aab3a,interior_cleaning,13.3741595,52.507928
2020-08-13,21:00:00,,c00a7e67-aea3-4548-a5ed-c6d2ec7ffb9a,0b12dd18-e12d-4cf9-9378-5a2965c1d929,stationary_charge,13.3741595,52.507928
2020-08-13,21:00:00,,2e2f808d-aca5-4f32-82a8-1ac64351986e,ac7c6dca-6b43-47e6-8e1a-41da2a711b76,interior_cleaning,13.3741595,52.507928
2020-08-13,21:00:00,,2e2f808d-aca5-4f32-82a8-1ac64351986e,fe85d1aa-bbfe-40bc-8146-e2bc408b48c8,stationary_charge,13.3741595,52.507928
2020-08-13,21:00:00,,53dea7d1-fe5f-4292-9f44-d8cfe208df57,4a58bb25-59ab-4dbf-8840-4266d21682a9,interior_cleaning,13.3741595,52.507928
2020-08-13,21:00:00,,53dea7d1-fe5f-4292-9f44-d8cfe208df57,ed7d4cba-55eb-453b-85f2-2dee795ec845,stationary_charge,13.3741595,52.507928
2020-08-13,21:00:00,,45a8dd7a-fe09-4f23-b74a-7ca951d2ccea,1c905bad-b9d1-4d3b-90f6-5e89e71f6674,interior_cleaning,13.3741595,52.507928
2020-08-13,21:00:00,,45a8dd7a-fe09-4f23-b74a-7ca951d2ccea,0387f332-142e-4858-9472-9b49a4d54e46,stationary_charge,13.3741595,52.507928
2020-08-13,21:00:00,,e1c8bf93-4ed6-48e5-aba8-47fea758837a,837b774a-0c7b-4a5a-9b9f-86522439db19,interior_cleaning,13.3741595,52.507928
2020-08-13,21:00:00,,e1c8bf93-4ed6-48e5-aba8-47fea758837a,f6ed45fd-eb27-428b-97f8-ce591af99535,stationary_charge,13.3741595,52.507928
2020-08-13,21:00:00,,b5d77ad5-71a8-46b7-a889-ba1f8d490394,8d406f78-3d6e-49d9-8a84-4fbdd7772f9b,refuel,13.3741595,52.507928
2020-08-13,21:00:00,,720ca005-fe47-41b6-9121-61ada4c07aaa,26e43135-6390-4a0b-ad34-6d5790577908,refuel,13.3741595,52.507928
2020-08-13,21:00:00,,174456b7-3a32-4c53-adc7-309d170b9d35,db026a25-bda1-4089-a324-4c7a14a553e6,refuel,13.3741595,52.507928
2020-08-13,21:00:00,,77aa405c-9cc8-43ed-b570-1465266f520e,837bf2db-4030-4df4-aa81-a3a3c9c45fe0,refuel,13.3741595,52.507928
2020-08-13,21:00:00,,52706929-fec0-4f08-9c07-df499851c8ce,3feafa00-2e3c-423e-b94b-5ba66b6a8f3f,refuel,13.3741595,52.507928
2020-08-13,21:00:00,,5fe020fb-a57a-4720-a2e7-52dd4c8339e2,9b5ca0ec-46fc-4146-ba7b-1967f74a8b0d,refuel,13.3741595,52.507928
2020-08-13,21:00:00,,a2fe7a58-00b9-4751-9876-d4f528bcdbff,7ddd844f-acf8-4f03-b12a-1c0c56546e46,refuel,13.3741595,52.507928
2020-08-13,21:00:00,,3a8e6d09-b85a-49d0-98b3-617cd23dc16f,3d23c122-f20c-4351-b586-880365c12207,refuel,13.3741595,52.507928
2020-08-13,21:00:00,,6ff73669-cb3b-4c26-8878-b01982c8cce3,1ffe4002-0de1-4539-8d24-984efb52eed7,refuel,13.3741595,52.507928
2020-08-13,21:00:00,,14ce5509-f6da-4301-9256-fdec931ca22a,ae962aee-fa71-4cb3-89f2-79c46e2e6084,refuel,13.3741595,52.507928
2020-08-13,21:00:00,,6c051129-dca5-4bb4-9158-f644ac9a1ff4,4d8ecdfe-4f67-49cf-a964-8e8cba7b77f3,refuel,13.3741595,52.507928
2020-08-13,21:00:00,,955824ed-57c2-41e8-861b-72f2560f6c62,2f8dc654-6801-4ae6-a862-13fc24211c36,refuel,13.3741595,52.507928
2020-08-13,21:00:00,,7637acbf-8269-4ab0-a145-1e9960eafb76,6f279918-00f4-4f9a-8d18-3d0ca121fdf1,refuel,13.3741595,52.507928
2020-08-13,21:00:00,,5f00631c-c835-4d2b-94fc-d7bf597c1ec0,f7004251-0680-40f3-b46c-0d28798ef18c,refuel,13.3741595,52.507928
2020-08-13,21:00:00,,3f980a93-bc4a-4be4-9aba-8c3a24e310c3,e5434ce8-427f-4483-a0b1-4b9fa031a14a,refuel,13.3741595,52.507928
2020-08-13,21:00:00,,0ee2f8f3-b358-45e5-84a1-72464a2f85b6,088924bc-4ff5-4884-a130-0ce84189734d,refuel,13.3741595,52.507928
2020-08-13,21:00:00,,b2251f6f-aeb4-4414-b979-9b9a0cda83b1,1b510643-ffc5-4b00-846c-88f8537d1b52,refuel,13.3741595,52.507928
2020-08-13,21:00:00,,eb3c93f6-33d4-4939-aaab-91f1d6e7b10e,ada8d231-e8e9-45dd-b2a7-2ea8dcd8aa32,refuel,13.3741595,52.507928
2020-08-13,21:00:00,,0451ad09-908d-4765-ac30-a3061d5818e9,3660c734-5baf-4bdc-b344-abefef4e7f71,refuel,13.3741595,52.507928
2020-08-13,21:00:00,,c824756f-7b0a-44ed-9016-4b4fa176614a,6d4c0ef7-d2ac-4d02-9199-12e685c7c0b5,refuel,13.3741595,52.507928
2020-08-13,21:00:00,,14011d03-e4bf-431b-9a44-09fa00443e09,e1638221-1c95-4647-86ed-44be32cea8b2,refuel,13.3741595,52.507928
2020-08-13,21:00:00,,44a03595-078d-406e-822b-efaefd29cc68,fe6e176a-91ca-4a62-9aad-e9d0171ab033,refuel,13.3741595,52.507928
2020-08-13,21:00:00,,9f2197fa-c4c5-4cef-bf0a-b0c01e143366,6c72850d-59bc-41ea-bcf7-374d92d6081b,refuel,13.3741595,52.507928
2020-08-13,21:00:00,,7b32b883-b407-44f7-aba8-305cffcf38db,e774784a-f6ec-47d6-acd5-255e851d1186,refuel,13.3741595,52.507928
2020-08-13,21:00:00,,5302710a-7290-4beb-b9b4-5a252a8f0cd5,26f6483f-b2f9-45c0-a204-3e5f185a9baa,refuel,13.3741595,52.507928
2020-08-13,21:00:00,,7b2e0bf0-94cc-4ebc-80c9-13589a44dce5,134ddd70-b67d-4117-93da-fa7a9f7a9820,refuel,13.3741595,52.507928
2020-08-13,21:00:00,,85cafcf5-f0e4-4fab-b66b-95ee01429bf5,3a2bac95-ad72-4e0e-937e-fab4ebafdf00,refuel,13.3741595,52.507928
2020-08-13,21:00:00,,2c88df41-420e-483f-8f36-2909c10764ae,bf468961-ef6b-4fc6-91e1-4380dfb09b51,refuel,13.3741595,52.507928
2020-08-13,21:00:00,,002c569d-6fd8-498d-99a8-b1ca54f4271b,b027f9ec-673e-44c5-946a-5d9c8f498270,refuel,13.3741595,52.507928
2020-08-13,21:00:00,,59cd2c13-53eb-4bcf-86d9-5a13adba26e4,499da971-1717-4bb8-b333-9044cacea1d6,refuel,13.3741595,52.507928
2020-08-13,21:00:00,,557a5497-f73d-4c10-b878-f04b10d7cf58,8e7d388e-54e1-4a25-a6dd-489b7556ac22,refuel,13.3741595,52.507928
2020-08-13,21:00:00,,a7df246b-c0e6-4707-a065-da203b277e6f,2c095751-03bf-41a4-a75c-13026c7600d0,refuel,13.3741595,52.507928
2020-08-13,21:00:00,,181a31ea-356d-4bb0-8766-81fd4000ef16,27d9505c-1a94-4ed6-aaf7-4882fbe29d28,refuel,13.3741595,52.507928
2020-08-13,21:00:00,,b02a61e6-4d02-4a24-9ea6-50d216996246,af423471-3db7-4969-a5bb-3c074e9fd2ae,refuel,13.3741595,52.507928
2020-08-13,21:00:00,,1ba67ca6-84db-4905-9245-d72ed5a34671,c0f30c51-6c11-4416-9fbc-d2e676a26dd7,refuel,13.3741595,52.507928
2020-08-13,21:00:00,,0db22235-a065-4ef8-b6c7-24a6d7af940d,06ce792c-7e5e-459f-9777-a7cd207c7a5f,refuel,13.3741595,52.507928
2020-08-13,21:00:00,,837585db-3b94-49a7-b028-baf83c66790f,41d4cea2-945b-42d0-9a3f-26dd338001f2,refuel,13.3741595,52.507928
2020-08-13,21:00:00,,f5000158-3a49-4a77-99cf-225ee02e4153,f7b2d6f7-3cf5-4abc-8ea6-4faa405164e8,refuel,13.3741595,52.507928
2020-08-13,21:00:00,,6737251a-c85e-41ae-94ba-e51b2b65b60c,c0909c61-7470-41fa-a06d-838f96e0bd52,refuel,13.3741595,52.507928
2020-08-13,21:00:00,,afb9cb1c-fc4c-431f-a603-f6edef1e2239,d9f234d3-fde0-45f5-b60e-36b369e3cbf8,refuel,13.3741595,52.507928
2020-08-13,21:00:00,,f229e733-059b-4d31-925b-d8078ae96f3c,491a6f01-dadf-419b-a558-623fa5091e0f,refuel,13.3741595,52.507928
2020-08-13,21:00:00,,256aabc2-7fe0-408f-822b-7423c27db335,7e7607e3-bef5-448b-a66d-a154a5f21f13,refuel,13.3741595,52.507928
2020-08-13,21:00:00,,3fcf8191-bd51-4015-acfd-1cbf1e6e3e44,640e6227-cf33-4f1a-8f98-b041c44aad96,stationary_charge,13.3741595,52.507928
2020-08-13,21:00:00,,3fcf8191-bd51-4015-acfd-1cbf1e6e3e44,4abac1fb-884e-4e8b-8a6e-4dcd2955b19f,interior_cleaning,13.3741595,52.507928
2020-08-13,21:00:00,,b00e349c-8dad-48c5-8200-404a053015cb,eb5999a7-b0e0-4e0b-8fec-16c810b23ba6,interior_cleaning,13.3741595,52.507928
2020-08-13,21:00:00,,b00e349c-8dad-48c5-8200-404a053015cb,9cc83089-d6d9-409e-aed9-99b4cc773224,stationary_charge,13.3741595,52.507928
2020-08-13,21:00:00,,051f6893-1fe6-41d2-8c6f-51b70b19d459,e8ef15d7-ce18-4333-a57a-473c605ac84d,refuel,13.3741595,52.507928
2020-08-13,21:00:00,,e3927911-d486-4777-8795-b2052b297608,2c940352-fc95-489e-bf92-32e07f4eba48,refuel,13.3741595,52.507928
2020-08-13,21:00:00,,b87dc49a-5bd4-4b40-b662-bf87f241e29a,3404f852-e063-431d-bdd4-f44980a996d1,refuel,13.3741595,52.507928
2020-08-13,21:00:00,,e5448522-e519-4ada-950c-12b1647136f6,b6c58228-d45b-40c8-a746-ebde0107882b,refuel,13.3741595,52.507928
2020-08-13,21:00:00,,e4e964bd-b962-497c-b931-896dd58ef229,27abbf96-3b72-4a0c-a49b-1933a791d219,refuel,13.3741595,52.507928
2020-08-13,21:00:00,,e1448525-b991-47ad-ba45-8a47738badf1,bbeea432-fce0-446c-8c94-f387038f6e57,refuel,13.3741595,52.507928
2020-08-13,21:00:00,,90d31c15-43f0-4fa7-af86-779914d7acfc,6c7f3030-98c7-4172-9437-ee792a6f61e0,refuel,13.3741595,52.507928
2020-08-13,21:00:00,,385f057a-be8a-4f05-9c2b-f617c24db02d,4f719e8c-5213-4129-936b-5fbc402a3f97,refuel,13.3741595,52.507928
2020-08-13,21:00:00,,cef0235a-5afa-4a8d-8668-1cc9ccf3047e,c4f3c35a-0b74-4bdb-a87f-4359aea1e568,refuel,13.3741595,52.507928
2020-08-13,21:00:00,,78b70e27-390d-491e-a000-320d7b437e97,58d880a9-e60c-4985-9496-0f119ecd0ffe,refuel,13.3741595,52.507928
2020-08-13,21:00:00,,991b5214-6821-4a16-8707-62dce579f30a,59f85539-c350-4695-a538-e4ad759f3929,refuel,13.3741595,52.507928
2020-08-13,21:00:00,,fe925e5d-bce4-45a6-8938-515bed5208cf,c5250761-adca-47b3-8a2a-b0b73ae9274c,refuel,13.3741595,52.507928
2020-08-13,21:00:00,,bb391013-c61e-46e0-8dbe-a833900c4210,fca30063-f303-4f99-bb11-e0f25deb38fb,refuel,13.3741595,52.507928
2020-08-14,03:30:51,,116e1467-192f-4fbd-8bc8-93feed902f72,6df03e10-e8b6-404f-b6f1-89e59c825133,stationary_charge,13.352923,52.54132
2020-08-14,03:30:52,09:48:29,fa98a402-1647-4b14-98be-73f2cedb25ec,5f04f45d-b8c8-475e-bf0d-8efbeec98ab2,stationary_charge,13.338252,52.451682
2020-08-14,03:30:52,,f9d1f0a8-dcda-4087-866b-9710285b2014,e579ebca-347c-463f-b1b4-e5561d1915bf,stationary_charge,13.389577,52.509399
2020-08-14,03:30:53,,c8d27cdf-cb1e-4eb7-81b8-b7f23a89eaf6,be2727df-ba14-49e4-9ba2-7147ab0a68c7,stationary_charge,13.324505,52.460395
2020-08-14,03:30:53,,4ee40ac1-3de4-44c0-bbd4-9a8c2afc98ef,e8c79f4c-b0fa-4d4a-af74-e1d94f808e0d,stationary_charge,13.391376,52.488433
2020-08-14,03:30:53,,a8320066-6b2a-4416-8630-f2e717ad82bb,128fc7d9-7dab-4725-b78d-1f18d6beade9,stationary_charge,13.300692,52.439887
2020-08-14,03:30:54,,4ddb825f-760b-497b-859e-ba1faa6c0d28,49169d00-d00a-4b2e-a4c5-9b1899f4dc66,stationary_charge,13.309215,52.492446
2020-08-14,03:30:54,,b747e7f7-e060-42b3-b9eb-51a22ebf838b,bb23e74f-9b00-4bbc-a7b6-97f6029512a5,stationary_charge,13.447742,52.502262
2020-08-14,03:30:55,,b081e025-b2c1-4bc2-a9a2-ec08d1216f4f,99c73c84-01c0-47fa-a6ee-92eac5bfe81a,stationary_charge,13.425013,52.467096
2020-08-14,03:30:56,,c7d2e3b0-d08d-421d-9bc9-249b83b20202,79645c36-b298-4390-91ba-1379a1d335b4,stationary_charge,13.386883,52.521541
2020-08-14,03:30:56,,41f54368-96cc-4b97-b0c9-9db89c9019df,efdc6d87-7eff-4a55-b59f-922117db92af,stationary_charge,13.422406,52.495925
2020-08-14,03:45:51,,5d51e98b-4aa6-48d5-9175-4886981ee536,4faf445c-909f-4ee9-a6f3-a8c39669226f,stationary_charge,13.390697,52.536472
2020-08-14,03:45:52,,22d3ce5f-3865-49e5-bc5f-ae8dd1a5a1b7,eb626e70-fb63-494f-b0b5-9c972efc00b8,stationary_charge,13.324602,52.460502
2020-08-14,03:45:52,,5f900986-3a29-426d-8296-ab19724a910c,29fd1afc-56a9-4ae3-ad34-a90b9698814a,stationary_charge,13.380781,52.504898
2020-08-14,03:45:53,,e40368d2-aa43-4c0a-83aa-45447d65cbca,d1da7496-0df7-4290-b693-55b280cbaf59,stationary_charge,13.317568,52.455245
2020-08-14,03:45:54,,6e647ce9-ba64-4394-a041-72f9201d5210,15a58f1b-2035-42fc-a5b6-ccf6c7353e2d,stationary_charge,13.269875,52.44979
2020-08-14,03:45:54,,937d673c-4081-4c7d-9abf-ceb84d3f5a56,0e67150c-e89c-4068-94d0-2d433b493c13,stationary_charge,13.265827,52.442523
2020-08-14,03:45:55,,a96c6232-cfd5-450f-b7c9-b0b5541ecef0,503a1c00-ff3e-4297-89e9-d02a6064b748,stationary_charge,13.291137,52.443153
2020-08-14,03:45:56,,21d9bdc7-3449-4f57-95df-5ed28984d09b,89b38aa0-c350-4254-bc04-f3cc3ec4e212,stationary_charge,13.398438,52.493991
2020-08-14,03:45:57,,1334368f-5c50-4966-9b44-36ce9e3d3597,830e513c-2b7b-4191-b7d1-012da0509694,stationary_charge,13.267305,52.433673
2020-08-14,03:45:57,,69150c54-13ba-4d6e-994b-d453fa47f20a,02f4ef94-4796-48ee-a39c-e8b821bbb1af,stationary_charge,13.307552,52.528659
2020-08-14,04:00:51,,1e10e435-76e7-4bdb-92c2-1372fc3ee108,1b6c9669-4002-47ae-8966-f9777ff30c7e,stationary_charge,13.405581,52.546779
2020-08-14,04:00:52,,1fa8399c-8bc1-4466-9a8b-f4f590a28062,864ec334-6e69-4789-9b82-6c394a67f7cd,stationary_charge,13.359561,52.498828
2020-08-14,04:00:52,,4148b072-c38f-41a9-b757-9f7a148c1553,c7075691-b6da-4764-a5d4-00b299a90e83,stationary_charge,13.425141,52.485881
2020-08-14,04:00:53,,8b74c236-d101-45d0-aba3-d3b66128abe5,464082ef-101f-4ba9-a515-707376bece28,stationary_charge,13.412335,52.540698
2020-08-14,04:00:53,,944b17b2-61bf-432d-97cb-00acd7b940df,b88ca99b-6f3d-4725-b55f-d82c17fbc4a6,stationary_charge,13.430355,52.55231
2020-08-14,04:00:54,,61a630b6-9848-42e0-a415-37808bc9ef69,b9d29b74-f7c5-4ed1-b59e-4dfaad332b6a,stationary_charge,13.399459,52.538268
2020-08-14,04:00:54,,371f0491-e8ee-4bc9-8a8d-34c120c5c09d,dcb77e39-6a64-47f9-8245-532912265fb0,stationary_charge,13.368901,52.535976
2020-08-14,04:00:55,13:33:26,963bf3c5-8120-4d19-9461-67ffffbf22a5,90b9d128-f278-4c29-9752-97a61257b6f5,stationary_charge,13.323461,52.487419
2020-08-14,04:00:55,,c23c0985-ef05-499c-80a3-9b71d0b0459d,a8fdadc0-dd6f-4a06-afbb-85eb127f53fc,stationary_charge,13.322903,52.498794
2020-08-14,04:00:56,,7aa8c01b-ce73-49ba-a6ce-26af05217e91,7f27f1da-ce38-4b5d-9172-afd445070e9a,stationary_charge,13.307924,52.471328
2020-08-14,04:00:56,,b0e11aa9-c44a-47af-8249-36ebdee72518,8842492a-10d1-430e-8858-8b7ab3390106,stationary_charge,13.29748,52.44717
2020-08-14,04:00:56,,ac50e9ce-82b1-49b9-8621-ebc9f90ec01c,e64f2c22-90a6-4d1b-ac4a-334de12898f6,stationary_charge,13.399066,52.535076
2020-08-14,04:00:57,,89469a08-35fb-4bc0-aa2a-ed44a422c2c9,de4bec0a-bb6f-4803-a4b2-e31d41a084d4,stationary_charge,13.359639,52.475234
2020-08-14,04:00:57,,53c59646-61a1-440f-8184-047a01001e28,0e482861-8daa-46da-a368-212b80693a72,stationary_charge,13.391377,52.53054
2020-08-14,04:00:58,,b84805d2-080c-49da-bd57-5603f892a44a,b4fbfdf5-9ac6-4b95-92a7-c0219ea9ea4d,stationary_charge,13.395302,52.514198
2020-08-14,04:00:58,,0b6993e6-8261-473c-972e-ec42754a111d,c0b645ad-febb-481e-a0cb-306a6a7a9400,stationary_charge,13.39671,52.529224
2020-08-14,04:00:59,,e86f928b-fbac-44ba-bae6-d26ec9efc9f2,d08b00e3-8f57-4ac8-bdad-fcb5c7f019de,stationary_charge,13.292498,52.552066
2020-08-14,04:00:59,,16e35f99-8c23-4e5b-b1d7-5f5970ceb26e,107d2d01-51a3-475f-80b0-61f1b8045f7a,stationary_charge,13.318724,52.443534
2020-08-14,04:00:59,,815b8668-b9b2-4773-9d70-7f94c0d652ce,58cfc771-5175-4fe9-8135-75afc9a15355,stationary_charge,13.490563,52.537815
2020-08-14,04:01:00,,69be2e08-f85a-45ba-85b2-7caff0e870a7,d362a355-521e-4551-bf75-222941a24701,stationary_charge,13.388896,52.557231
2020-08-14,04:01:00,,e2d2c9b1-e916-4c7a-9f40-9af18bd1fd47,4408e955-9e7a-49e7-8644-603cc7790cd6,stationary_charge,13.376561,52.540824
2020-08-14,04:01:01,,49340c8a-3107-43b4-a2cc-a781b81dca41,bfc03c84-0faf-4615-87b3-1023c5fbb3ba,stationary_charge,13.439521,52.509605
2020-08-14,04:01:01,13:33:29,c76dcf91-77b2-4a49-874b-7c90acb9cb29,51132615-19fb-44e5-9cc0-679dfb129c6e,stationary_charge,13.37337,52.510978
2020-08-14,04:01:02,16:48:27,59364f18-36ab-443d-ab3b-bd0577bdd0db,3f1f6216-b6ce-4d3c-bfc8-3420b0d216f0,stationary_charge,13.42503,52.546752
2020-08-14,04:01:02,,26f9d626-b882-4993-a41a-6f6a062f5099,d20ad381-e23b-4500-a652-655da62f53ce,stationary_charge,13.436481,52.509818
2020-08-14,04:01:03,11:33:28,0006617e-0470-489b-9b76-98e4a4267dbf,96407481-56e5-4a65-bdce-6601af6c005b,stationary_charge,13.320684,52.442424
2020-08-14,04:01:03,10:48:27,e1710c56-4319-4f3d-812a-48b09817afd6,6b6c39a0-1911-4f80-a719-5c8b360fd8f5,stationary_charge,13.48536,52.439842
2020-08-14,04:01:04,14:48:28,cad172f3-c677-4f26-872f-147b9bd236ee,5ceb8860-5caa-49a9-9b27-ffabdbafbc7e,stationary_charge,13.273108,52.53442
2020-08-14,04:01:04,,93c0f5df-c92e-4967-9084-975eaea5c482,9d56778a-c05d-474d-abd3-fd15ca966672,stationary_charge,13.426734,52.547622
2020-08-14,04:01:05,11:48:28,8850efa4-a82e-497b-b0e8-584b89633a08,696c51e1-aae6-41d2-b429-06176b33278e,stationary_charge,13.275252,52.507945
2020-08-14,04:01:05,,cb8fe058-b712-43e8-ad55-a313e8f9ff6e,08916aca-5eb7-4b58-b613-cbdda8972274,stationary_charge,13.309939,52.52325
2020-08-14,04:01:06,,8a43ba11-b3be-4707-b098-c86db0538f5d,3f78ff1f-49fd-4b70-ad30-73f4a48c45f3,stationary_charge,13.47899,52.535018
2020-08-14,04:01:06,,5ddd8107-a855-4cbb-b5d6-61a9732f0937,9893a0f1-3f64-4af3-a4c2-6513363f221f,stationary_charge,13.389995,52.554256
2020-08-14,04:01:07,,084d0522-4b34-4c7e-8c49-3f4778b0c88d,29da68de-df3f-452e-b9ee-a5dc190bf432,stationary_charge,13.431903,52.510875
2020-08-14,04:01:07,,fcfebe62-8ca3-4b89-9835-ee938f951800,48032671-ac3d-42e7-9c0d-b56398b4847f,stationary_charge,13.48288,52.502151
2020-08-14,04:01:08,14:48:30,8346ccb2-25f3-4484-96b0-b782d06d4fe3,a933c0da-7315-439e-b4c2-48521fbb6a64,stationary_charge,13.349192,52.491683
2020-08-14,04:01:08,15:03:29,3a802d02-2c0a-4cd3-b86e-86d2d2d53257,cce11e96-cc0b-4c8e-ac16-51d89e79876d,stationary_charge,13.349558,52.482673
2020-08-14,04:01:08,,6a348b86-adca-4369-9046-85655851e559,7a967936-7577-498d-ab8e-c9f167a2cf07,stationary_charge,13.431166,52.482006
2020-08-14,04:01:09,,40e5cc1f-d45c-4ddd-ab9f-baf23eaf0fb8,cf9f1576-d5de-4360-8a49-14173dca2f2e,stationary_charge,13.270955,52.509548
2020-08-14,04:01:09,,32068d06-2897-4522-b42a-edaf979a0be6,403a98e3-f64a-400a-aba5-8a546feb27c7,stationary_charge,13.438527,52.472019
2020-08-14,04:01:10,16:18:28,5f56a481-3e79-4d50-a3ce-0df7453f1a95,4207a041-d69e-432c-a5d5-639bced7bcbf,stationary_charge,13.503622,52.509094
2020-08-14,04:01:10,09:33:29,3c1dc378-75d2-45d5-91af-e770689161c9,23490a52-2332-4138-ab78-e974575a8e2a,stationary_charge,13.491622,52.511531
2020-08-14,04:01:11,,3ada5cdf-c499-4a73-80c3-19843f0f03e6,a8d1ae8f-c66d-463f-9a50-fbddbb3b8c6c,stationary_charge,13.400225,52.574089
2020-08-14,04:01:11,09:45:48,a8b1f829-5239-4120-99b9-1acf78614cae,783014e3-e8b5-4539-a679-596915ce408a,stationary_charge,13.271738,52.536338
2020-08-14,04:01:12,16:48:30,98f1bc72-f689-4ed6-9bcd-d24f83dda6a3,7d29752c-ff64-4cf5-b67e-7c7df9c1eea6,stationary_charge,13.44087,52.518196
2020-08-14,04:01:13,,62402cef-0cf2-4106-9421-04996ef890a0,fedf72a3-e361-4e90-ad49-c25dd97b7e8e,stationary_charge,13.441991,52.509025
2020-08-14,04:15:52,,3ce03b13-3e52-4d3b-b7bf-0aa72c89daad,366c52f4-ec87-4c8e-98ca-b4b0bcd4ff66,stationary_charge,13.448225,52.513393
2020-08-14,04:15:53,,5706b645-85cc-4e97-bd45-fc1d8257cadb,57ca6322-8644-4c1f-ab98-36140b884cf2,stationary_charge,13.463708,52.51489
2020-08-14,04:15:53,,5706b645-85cc-4e97-bd45-fc1d8257cadb,d017eeb4-58df-4f05-aaf9-adac91feea26,front_interior_cleaning,13.463708,52.51489
2020-08-14,04:15:53,,6fe3342c-6d51-46ed-ae66-fc5b0866f506,3b9c5451-f5fa-4317-96de-a352e750eef9,front_interior_cleaning,13.42685,52.517384
2020-08-14,04:15:53,,6fe3342c-6d51-46ed-ae66-fc5b0866f506,14dc0925-3b89-4153-b66d-3b3e1af1c425,stationary_charge,13.42685,52.517384
2020-08-14,04:15:54,,9a0f9176-ed79-45ea-9a65-740422041f02,25896f06-e9f1-4ebe-8adc-52314e5d8f08,stationary_charge,13.449162,52.526733
2020-08-14,04:15:54,,9a0f9176-ed79-45ea-9a65-740422041f02,079b008c-c813-409c-a507-1f46c580691b,front_interior_cleaning,13.449162,52.526733
2020-08-14,04:20:53,,f2ddab57-dbad-4266-a529-b24cea10f3ba,d5bf0a8f-be52-4d85-b6da-6ceaee65773b,front_interior_cleaning,13.34921,52.49147
2020-08-14,04:20:53,,f2ddab57-dbad-4266-a529-b24cea10f3ba,dfdcf1aa-0e5c-4fdc-b56a-036d776a4d5d,stationary_charge,13.34921,52.49147
2020-08-14,04:20:53,,ef3fd958-1f24-496c-b722-04ff01f9f4b4,144a65f6-dc87-48ed-937c-b59d82d02ac2,front_interior_cleaning,13.345365,52.490356
2020-08-14,04:20:53,,ef3fd958-1f24-496c-b722-04ff01f9f4b4,e59fc564-37b8-4d0b-80f6-b64d7fbb92f6,stationary_charge,13.345365,52.490356
2020-08-14,04:45:51,,f4baa724-ea22-413a-ad2a-cbeba0095e19,dd817821-7f63-4abe-8435-baaac38df021,stationary_charge,13.361315,52.541488
2020-08-14,04:45:52,,62727b39-3b55-432a-b5f8-78d26a04409c,bd7dc4b1-94f5-4729-a82c-1014d620fc2d,stationary_charge,13.352993,52.437088
2020-08-14,05:00:52,,c10b3d42-066f-4a53-8fd6-4def79301b91,8bec4e51-06d4-413b-aca1-179b69448e75,stationary_charge,13.317871,52.441825
2020-08-14,05:30:52,,4152b1f1-d4fa-4c1d-a7a3-6ba7475d5371,8ffe30a4-3a52-40d8-aec5-d3a5d4a027a6,interior_cleaning,13.420395,52.4918
2020-08-14,05:30:52,,4152b1f1-d4fa-4c1d-a7a3-6ba7475d5371,2935383e-e204-464d-9d02-517327553cfb,exterior_cleaning,13.420395,52.4918
2020-08-14,05:30:53,,92e35893-7d5c-427f-ab2d-e722e280ea60,442253b2-f689-4f74-beb5-ab325168396d,interior_cleaning,13.429768,52.499462
2020-08-14,05:30:53,,92e35893-7d5c-427f-ab2d-e722e280ea60,28f55440-182d-4d1f-835b-44ad521b7c76,exterior_cleaning,13.429768,52.499462
2020-08-14,05:30:53,,a2a19fd0-1b0e-4c08-9b07-bcb3fca62af7,3e3eb594-0414-4952-a33c-e892f61b3489,interior_cleaning,13.420492,52.47049
2020-08-14,05:30:53,,a2a19fd0-1b0e-4c08-9b07-bcb3fca62af7,1af6aadf-6f18-4a3d-87ff-39feaff62720,exterior_cleaning,13.420492,52.47049
2020-08-14,05:30:53,,90967389-6c93-4151-ae51-78b569171824,1661e285-e4f1-460d-86a1-71902ccd423a,interior_cleaning,13.447273,52.46021
2020-08-14,05:30:53,,90967389-6c93-4151-ae51-78b569171824,50ae3bdc-f93d-4bd4-91d8-1c5f7bfcdea2,exterior_cleaning,13.447273,52.46021
2020-08-14,06:30:52,,ed8d02f5-35a4-4439-9d50-381291944aa3,20223e98-97d5-487b-81ff-6a6066264e5a,interior_cleaning,13.298345,52.44174
2020-08-14,06:30:52,,ed8d02f5-35a4-4439-9d50-381291944aa3,05a14316-171f-424f-84a8-8fc53c921f3c,exterior_cleaning,13.298345,52.44174
2020-08-14,06:35:52,,3ccf8efc-62c2-4c79-ab17-4bb8b19cc78b,26922aa2-99c1-4695-a493-d4b16675a2b8,interior_cleaning,13.330405,52.465317
2020-08-14,06:35:52,,3ccf8efc-62c2-4c79-ab17-4bb8b19cc78b,436f405a-8e59-4de1-9971-7a60a6e0c82f,exterior_cleaning,13.330405,52.465317
2020-08-14,06:35:53,,7cc362e4-a3e6-49d7-b879-2c82e0f84909,80d1bb9c-7e32-4be4-ae42-781bbf9d6b08,interior_cleaning,13.267458,52.43361
2020-08-14,06:35:53,,7cc362e4-a3e6-49d7-b879-2c82e0f84909,a20aaf71-bd98-4d73-b3ec-b38e05f34455,exterior_cleaning,13.267458,52.43361
2020-08-14,07:35:52,,ee5b0f61-b1a8-4ca6-bb6c-803629173f0f,cede358a-0740-4e45-8db5-7d83542b7b12,interior_cleaning,13.43194,52.51085
2020-08-14,07:35:52,,ee5b0f61-b1a8-4ca6-bb6c-803629173f0f,80d16e07-759b-4a14-ba86-176aeb9b2877,exterior_cleaning,13.43194,52.51085
2020-08-14,07:35:53,,4b6f791a-b304-434f-a660-420e1ce7a41a,621f232a-c73a-4d4d-8610-428a8808fff0,exterior_cleaning,13.427575,52.512177
2020-08-14,07:35:53,,4b6f791a-b304-434f-a660-420e1ce7a41a,f554f554-0ce7-485c-8ad5-85c3f1897062,interior_cleaning,13.427575,52.512177
2020-08-14,07:35:53,,19a854ec-91c7-4731-a0c0-d1221deca772,325494c1-d573-4ac2-944c-45de62fab4bf,exterior_cleaning,13.437505,52.49368
2020-08-14,07:35:53,,19a854ec-91c7-4731-a0c0-d1221deca772,b827fc14-16e3-4e88-bba7-a07904005a6f,interior_cleaning,13.437505,52.49368
2020-08-14,07:35:54,,422d7063-de1c-4b1f-b23b-1c7a54d77f62,34a2285c-531e-4c2e-b983-f4db751f62fd,interior_cleaning,13.426785,52.490177
2020-08-14,07:35:54,,422d7063-de1c-4b1f-b23b-1c7a54d77f62,56b99dec-8625-482e-822c-06ddaf2d1007,exterior_cleaning,13.426785,52.490177
2020-08-14,07:35:54,,4e1cd05f-2098-4cee-9b1a-3d614a186ff4,d3ca852c-acc2-4aec-b5a4-02ac6b09ae8f,exterior_cleaning,13.398857,52.48894
2020-08-14,07:35:54,,4e1cd05f-2098-4cee-9b1a-3d614a186ff4,44dbf863-6049-40b2-be0e-ce442dfa45f2,interior_cleaning,13.398857,52.48894
2020-08-14,07:35:55,,c55658ed-7a11-47d9-af61-aed4c91ce158,4e75b74f-5850-4585-b6c5-04d13007990f,exterior_cleaning,13.43295,52.47496
2020-08-14,07:35:55,,c55658ed-7a11-47d9-af61-aed4c91ce158,4e64bd54-0f52-40dd-8ab9-d32f0dd459de,interior_cleaning,13.43295,52.47496
2020-08-14,08:58:24,,30da6e8e-608e-4a48-926e-2e95a0c635de,d979932d-7d38-4257-be0d-d98dfaf8d7af,interior_cleaning,13.430135,52.49962
2020-08-14,08:58:24,,30da6e8e-608e-4a48-926e-2e95a0c635de,89e764fd-760d-449b-85cf-eff97a666d4b,exterior_cleaning,13.430135,52.49962
2020-08-14,08:58:25,,e9b0a9ce-d8fe-492b-a0cf-6d6bcf2d59ad,69887193-1c9e-400c-9fb8-4fff6d260bdd,interior_cleaning,13.401737,52.490055
2020-08-14,08:58:25,,e9b0a9ce-d8fe-492b-a0cf-6d6bcf2d59ad,febc7979-1e3b-4443-9263-13c14a3b9a63,exterior_cleaning,13.401737,52.490055
2020-08-14,09:00:54,,c2aca735-26d1-439d-a394-30c0c4624d5e,205c1789-95c6-462b-889d-807f103b6fae,exterior_cleaning,13.340628,52.44575
2020-08-14,09:00:54,,c2aca735-26d1-439d-a394-30c0c4624d5e,39d65c0c-0a27-4cf4-8095-2ab063ead09f,interior_cleaning,13.340628,52.44575
2020-08-14,09:00:59,,4a1045b8-b466-4f38-8ba2-83c2e212bee7,48f27dbe-faeb-4bf8-afba-417e372c56d7,interior_cleaning,13.300037,52.448208
2020-08-14,09:00:59,,4a1045b8-b466-4f38-8ba2-83c2e212bee7,b836c1d6-7b33-4997-be57-35818d8c5324,exterior_cleaning,13.300037,52.448208
2020-08-14,09:01:01,,086f1b5f-6d15-4acd-b811-1b62d005eed7,7bd9a845-56ce-45d2-b781-492874a7b433,interior_cleaning,13.43852,52.495102
2020-08-14,09:01:01,,086f1b5f-6d15-4acd-b811-1b62d005eed7,b8807089-4b5a-4a13-b039-d3319f2b0ecb,exterior_cleaning,13.43852,52.495102
2020-08-14,09:01:04,,3d0555a7-4bb8-4be6-8507-f60db75899d7,e79cca99-95fb-40e8-bfbf-cfafd5961852,interior_cleaning,13.433385,52.489258
2020-08-14,09:01:04,,3d0555a7-4bb8-4be6-8507-f60db75899d7,67ab55af-0205-4385-ac6d-3bfef6ce0785,exterior_cleaning,13.433385,52.489258
2020-08-14,09:01:05,,8205ccc0-aa5f-470b-acc4-aea05fcd1b6e,6d846a7b-8faf-463c-97a0-9d316ddff896,exterior_cleaning,13.435972,52.51432
2020-08-14,09:01:05,,8205ccc0-aa5f-470b-acc4-aea05fcd1b6e,bc1d157a-3f5d-4be2-bec4-551df3b1b935,stationary_charge,13.435972,52.51432
2020-08-14,09:01:05,,8205ccc0-aa5f-470b-acc4-aea05fcd1b6e,02916620-7c3b-43b6-b49b-9358540e01c7,interior_cleaning,13.435972,52.51432
2020-08-14,09:01:07,,e2e2b997-6cb2-4c51-ab5c-659fa8223d19,564eab9b-3da5-41ce-b8b6-1dbfe8350f15,interior_cleaning,13.464532,52.510742
2020-08-14,09:01:07,,e2e2b997-6cb2-4c51-ab5c-659fa8223d19,4f840637-9fd9-4768-b88c-8ee8e3d09bf3,exterior_cleaning,13.464532,52.510742
2020-08-14,09:01:09,,b1943243-1023-4b23-a4a5-2f4897c962e9,8d39e641-193b-4cde-a6a3-10dc42c2564f,interior_cleaning,13.442807,52.507072
2020-08-14,09:01:09,,b1943243-1023-4b23-a4a5-2f4897c962e9,3bb9d2ab-68bc-4ed3-9243-b7f20e920a07,exterior_cleaning,13.442807,52.507072
2020-08-14,09:33:29,09:33:29,8f668f38-a158-49f6-8ca9-3f79a865145f,356b6e71-a32f-41b7-9399-17251a4dc2ba,unplug,13.467127,52.497611
2020-08-14,09:33:31,09:33:31,a6e9c50c-04e3-431c-98e1-54243de228fb,7202c385-3012-446c-a5e5-cb5ffd849f19,unplug,13.262605,52.43851
2020-08-14,09:33:31,14:33:32,b16bff6e-995f-4858-a3db-b191c7e4ae37,e5a69b9e-8c1d-4264-8eb8-585c97d8c10e,unplug,13.509511,52.505798
2020-08-14,09:38:24,,9aaf53e8-9c93-4b6d-8450-73baec5596a2,31204143-bd1d-4e2e-968a-7b003653f76c,front_interior_cleaning,13.45077,52.55187
2020-08-14,09:38:24,,9aaf53e8-9c93-4b6d-8450-73baec5596a2,13a8cc2c-1ed3-4452-924b-09bb61ed09e8,stationary_charge,13.45077,52.55187
2020-08-14,09:38:24,,3acef07e-4923-429b-848f-56dcb9a94153,9bcbffc6-3fb7-4ac3-a198-b2f4f6327814,stationary_charge,13.308053,52.52922
2020-08-14,09:38:24,,3acef07e-4923-429b-848f-56dcb9a94153,5a24113c-5288-43a0-99eb-a302fb75bcca,front_interior_cleaning,13.308053,52.52922
2020-08-14,10:28:24,,ae6bf76b-2f70-4852-af79-8de869d4fe8d,ea81174b-64ba-49dc-83b1-e4d0db74ef5a,exterior_cleaning,13.298823,52.448277
2020-08-14,10:28:24,,ae6bf76b-2f70-4852-af79-8de869d4fe8d,e9f14a31-7e9e-488c-b9f5-78660dd0e14a,interior_cleaning,13.298823,52.448277
2020-08-14,10:28:25,,89d806d3-129f-4985-bf10-b67145b26f91,4007dcca-49f5-47ec-80c0-8243c4870979,interior_cleaning,13.394058,52.496357
2020-08-14,10:28:25,,89d806d3-129f-4985-bf10-b67145b26f91,a1e4d14a-e6a4-4ea0-b7ef-661bde1acf52,exterior_cleaning,13.394058,52.496357
2020-08-14,10:28:26,,fae76d42-4c45-495a-b6ef-09c52c5968cf,9fcd313c-a193-48ca-b6df-257f4eb48a12,interior_cleaning,13.430815,52.47841
2020-08-14,10:28:26,,fae76d42-4c45-495a-b6ef-09c52c5968cf,a3224ff6-24dd-4814-b086-dd68c340f9c2,exterior_cleaning,13.430815,52.47841
2020-08-14,10:28:27,,5c105c33-10b3-435e-bd0e-02657a64e70e,7b480457-764e-4b01-93f6-0295d9071cbf,interior_cleaning,13.289705,52.524467
2020-08-14,10:28:27,,5c105c33-10b3-435e-bd0e-02657a64e70e,ca475b59-3729-4be5-a43d-a26eb18a42f2,exterior_cleaning,13.289705,52.524467
2020-08-14,12:03:24,,ddeb68ff-0517-40cb-a6e5-1bdb152271a1,a3b180a2-942d-4d08-bb4b-01e2ea6ad88e,refuel,13.370275,52.5532
2020-08-14,12:03:25,,8df66e2d-c5be-4b66-8b22-eaa20cfc18bc,a044b76d-bfd8-4ddc-99f1-18947bc17360,refuel,13.441623,52.551434
2020-08-14,12:03:27,,9e59a6a6-af75-448a-a3e7-dccd0c380b5c,abe37170-d38b-40dd-8025-0b0f34a44efe,stationary_charge,13.296873,52.487984
2020-08-14,12:03:27,,9e59a6a6-af75-448a-a3e7-dccd0c380b5c,1ebfc676-fb65-4db8-8b68-07f258e14e9e,front_interior_cleaning,13.296873,52.487984
2020-08-14,12:03:28,,7bc18ae7-7feb-4455-a857-8680bbb57ad5,6432daf1-9094-457d-b669-5f70efa773d3,front_interior_cleaning,13.372698,52.558773
2020-08-14,12:03:28,,7bc18ae7-7feb-4455-a857-8680bbb57ad5,6b682021-d2d9-4bbd-8746-b97a5f63b5fb,stationary_charge,13.372698,52.558773
2020-08-14,12:03:29,,ba29bf04-1d47-432b-bf3b-700ec7df0d01,96fe4994-44d5-4c3d-ac57-73eeda71d651,refuel,13.358247,52.486984
2020-08-14,12:38:24,,a18d1bbc-f736-4b61-b4d6-013bec2b625f,193335d2-2b88-4d2e-ae1a-2f4c5a78379e,exterior_cleaning,13.404023,52.4912
2020-08-14,12:38:24,,a18d1bbc-f736-4b61-b4d6-013bec2b625f,d117fc78-749d-485a-b957-cc4057251c4c,interior_cleaning,13.404023,52.4912
